n1D1e-11,n1D1e-11-std,time,n2D1e-11,n2D1e-11-std,n10D1e-11,n10D1e-11-std,n20D1e-11,n20D1e-11-std,n100D1e-11,n100D1e-11-std,n1D1e-12,n1D1e-12-std,n2D1e-12,n2D1e-12-std,n10D1e-12,n10D1e-12-std,n20D1e-12,n20D1e-12-std,n100D1e-12,n100D1e-12-std,n1D1e-13,n1D1e-13-std,n2D1e-13,n2D1e-13-std,n10D1e-13,n10D1e-13-std,n20D1e-13,n20D1e-13-std,n100D1e-13,n100D1e-13-std,n1D1e-15,n1D1e-15-std,n2D1e-15,n2D1e-15-std,n10D1e-15,n10D1e-15-std,n20D1e-15,n20D1e-15-std,n100D1e-15,n100D1e-15-std,n1D1e-16,n1D1e-16-std,n2D1e-16,n2D1e-16-std,n10D1e-16,n10D1e-16-std,n20D1e-16,n20D1e-16-std,n100D1e-16,n100D1e-16-std,n1D1e-18,n1D1e-18-std,n2D1e-18,n2D1e-18-std,n10D1e-18,n10D1e-18-std,n20D1e-18,n20D1e-18-std,n100D1e-18,n100D1e-18-std
10.0,0.0,0.0,10.0,0.0,10.0,0.0,10.0,0.0,10.0,0.0,10.0,0.0,10.0,0.0,10.0,0.0,10.0,0.0,10.0,0.0,10.0,0.0,10.0,0.0,10.0,0.0,10.0,0.0,10.0,0.0,10.0,0.0,10.0,0.0,10.0,0.0,10.0,0.0,10.0,0.0,10.0,0.0,10.0,0.0,10.0,0.0,10.0,0.0,10.0,0.0,10.0,0.0,10.0,0.0,10.0,0.0,10.0,0.0,10.0,0.0
7.2,0.8717797887081347,0.01,7.8,0.9797958971132713,8.0,0.8944271909999159,7.8,1.2489995996796797,7.6,0.7999999999999999,7.2,0.9797958971132714,7.4,1.8547236990991407,8.4,1.2,8.1,1.57797338380595,7.1,1.3747727084867523,7.0,0.8944271909999159,7.0,1.0954451150103321,6.4,1.1135528725660042,6.8,0.9797958971132714,6.2,1.2489995996796797,7.0,1.0,7.2,0.8717797887081347,6.1,1.374772708486752,3.3,1.1874342087037917,2.1,1.3,6.7,1.004987562112089,6.6,1.0198039027185568,5.6,1.019803902718557,3.7,1.4866068747318506,0.2,0.4000000000000001,7.1,0.8306623862918074,6.9,0.9433981132056604,5.2,1.8330302779823362,3.6,1.6852299546352716,0.0,0.0
6.3,1.1,0.02,6.3,0.7810249675906654,5.9,1.3747727084867523,6.1,1.4456832294800963,6.6,0.9165151389911679,6.2,1.1661903789690602,6.3,1.5524174696260025,6.4,0.9165151389911681,6.2,1.98997487421324,5.9,1.374772708486752,6.1,1.2206555615733703,5.3,1.1874342087037917,4.7,1.3453624047073711,5.2,1.2489995996796797,5.3,1.5524174696260025,5.1,1.1357816691600546,5.7,0.9,4.1,0.9433981132056604,1.7,1.004987562112089,1.6,1.1135528725660042,5.8,0.6,5.1,1.57797338380595,3.5,1.3601470508735443,1.9,1.6401219466856725,0.1,0.30000000000000004,5.2,1.077032961426901,5.6,1.1135528725660042,3.1,1.3,1.5,0.806225774829855,0.0,0.0
4.7,1.1874342087037917,0.03,5.2,1.2489995996796797,5.1,1.374772708486752,5.1,1.2206555615733703,5.9,0.9433981132056604,5.2,0.9797958971132713,5.5,1.2041594578792296,5.3,1.3453624047073711,5.1,1.5132745950421556,4.9,1.2206555615733703,4.9,0.5385164807134504,4.2,1.4,4.1,1.5132745950421556,4.6,1.2,4.5,1.02469507659596,4.2,0.9797958971132713,4.6,0.9165151389911679,2.9,1.7,1.0,1.0,1.4,0.9165151389911681,4.6,0.7999999999999999,4.3,1.4177446878757827,2.3,1.1874342087037917,0.6,0.66332495807108,0.1,0.30000000000000004,4.6,1.0198039027185568,4.8,1.2489995996796797,2.6,1.1135528725660042,0.4,0.48989794855663565,0.0,0.0
4.1,0.9433981132056604,0.04,4.2,1.2489995996796797,4.6,1.624807680927192,4.2,0.8717797887081347,4.8,1.1661903789690602,4.7,1.2688577540449522,5.0,1.3416407864998738,4.8,1.16619037896906,4.3,1.3453624047073711,4.4,1.4966629547095764,4.2,0.39999999999999997,3.3,1.1,3.7,1.4866068747318506,3.8,1.4000000000000001,3.9,0.9433981132056604,3.7,1.1874342087037917,4.0,1.0,2.1,1.1357816691600549,0.9,0.8306623862918076,1.0,0.4472135954999579,4.0,0.7745966692414834,3.7,1.2688577540449522,1.8,1.1661903789690602,0.2,0.4000000000000001,0.1,0.30000000000000004,4.0,1.0954451150103321,3.8,1.32664991614216,2.1,1.1357816691600546,0.2,0.4000000000000001,0.0,0.0
3.6,1.019803902718557,0.05,3.5,0.6708203932499369,4.2,1.6613247725836149,3.6,1.2,4.3,1.1,4.2,1.5362291495737217,4.5,1.3601470508735443,4.5,0.9219544457292888,4.1,1.57797338380595,3.8,1.077032961426901,3.2,0.8717797887081347,2.5,1.2041594578792296,3.0,1.0954451150103321,3.4,1.1135528725660044,3.1,1.044030650891055,3.2,1.2489995996796797,3.4,1.019803902718557,1.3,0.9,0.4,0.48989794855663565,0.9,0.5385164807134504,3.7,0.7810249675906654,3.1,1.445683229480096,1.3,1.1874342087037917,0.0,0.0,0.1,0.30000000000000004,3.1,1.0440306508910548,3.3,1.004987562112089,1.4,1.1135528725660044,0.1,0.30000000000000004,0.0,0.0
3.3,0.9,0.06,2.9,1.1357816691600549,3.9,1.5132745950421556,3.3,1.1,4.0,1.2649110640673518,3.7,1.3453624047073711,4.2,1.469693845669907,4.1,1.2206555615733703,3.9,1.374772708486752,3.4,1.5620499351813308,2.7,0.7810249675906654,2.2,0.8717797887081347,2.8,0.9797958971132713,3.2,0.8717797887081347,3.0,1.0,2.8,1.1661903789690602,2.7,0.9,0.9,1.044030650891055,0.4,0.48989794855663565,0.9,0.5385164807134504,3.4,0.8,2.9,1.5132745950421556,1.2,1.2489995996796797,0.0,0.0,0.1,0.30000000000000004,2.6,0.8000000000000002,3.0,1.1832159566199232,0.9,0.8306623862918076,0.1,0.30000000000000004,0.0,0.0
2.8,0.9797958971132713,0.07,2.5,0.9219544457292888,3.5,1.2041594578792296,3.1,1.1357816691600546,3.7,1.1874342087037917,3.2,1.4696938456699067,3.8,1.077032961426901,3.2,0.9797958971132713,3.5,1.284523257866513,3.1,1.445683229480096,2.4,0.8,1.6,0.9165151389911681,2.5,0.9219544457292888,2.7,0.6403124237432849,2.7,0.9,2.2,1.4,2.3,0.7810249675906654,0.6,0.8,0.4,0.48989794855663565,0.8,0.4000000000000001,3.1,0.9433981132056605,2.6,1.2806248474865698,0.9,1.044030650891055,0.0,0.0,0.1,0.30000000000000004,1.9,0.8306623862918073,2.8,1.2489995996796797,0.7,0.9,0.0,0.0,0.0,0.0
2.4,0.9165151389911681,0.08,2.4,0.9165151389911681,3.3,1.1,3.0,1.0,3.3,1.1,2.7,1.4866068747318506,3.5,1.02469507659596,2.8,0.9797958971132713,3.1,1.2206555615733703,3.1,1.445683229480096,2.3,0.7810249675906654,1.2,0.8717797887081347,2.2,0.7483314773547882,2.6,0.8,2.4,1.019803902718557,1.8,1.4000000000000001,1.9,0.7,0.5,0.806225774829855,0.4,0.48989794855663565,0.7,0.45825756949558405,2.7,0.9,2.4,1.2000000000000002,0.6,0.8,0.0,0.0,0.1,0.30000000000000004,1.7,0.7810249675906654,2.4,1.1135528725660044,0.7,0.9,0.0,0.0,0.0,0.0
2.2,0.8717797887081347,0.09,2.3,1.004987562112089,3.0,1.0,2.6,1.0198039027185568,2.9,0.7,2.4,1.3564659966250538,2.7,0.7810249675906654,2.8,0.9797958971132713,2.6,1.019803902718557,2.9,1.445683229480096,2.1,0.7,0.8,0.6000000000000001,2.2,0.7483314773547882,2.5,0.806225774829855,2.1,0.9433981132056604,1.6,1.2806248474865698,1.8,0.7483314773547883,0.5,0.806225774829855,0.4,0.48989794855663565,0.6,0.48989794855663565,2.4,0.9165151389911681,2.2,0.8717797887081347,0.5,0.6708203932499369,0.0,0.0,0.1,0.30000000000000004,1.5,0.5,2.2,1.0770329614269007,0.3,0.45825756949558394,0.0,0.0,0.0,0.0
1.9,0.7000000000000001,0.1,2.2,0.9797958971132714,2.8,0.9797958971132713,2.4,1.2,2.9,0.7,2.2,1.2489995996796797,2.4,0.66332495807108,2.6,0.9165151389911681,2.4,1.019803902718557,2.6,1.3564659966250536,1.9,0.8306623862918074,0.8,0.6000000000000001,2.2,0.7483314773547882,2.3,0.7810249675906654,2.1,0.9433981132056604,1.3,1.1,1.5,0.9219544457292888,0.5,0.806225774829855,0.4,0.48989794855663565,0.5,0.5,2.1,0.9433981132056604,1.7,0.6403124237432849,0.0,0.0,0.0,0.0,0.1,0.30000000000000004,1.4,0.48989794855663565,2.1,1.2206555615733703,0.2,0.4,0.0,0.0,0.0,0.0
1.7,0.9,0.11,2.2,0.9797958971132714,2.7,0.7810249675906654,2.3,1.1,2.8,0.7483314773547882,2.0,1.1832159566199232,2.2,0.7483314773547882,2.6,0.9165151389911681,2.1,1.044030650891055,2.6,1.3564659966250536,1.6,0.8,0.7,0.6403124237432849,1.9,0.7,2.3,0.7810249675906654,2.0,1.0,1.1,0.9433981132056604,1.4,0.9165151389911681,0.5,0.806225774829855,0.4,0.48989794855663565,0.5,0.5,1.9,0.9433981132056604,1.3,1.004987562112089,0.0,0.0,0.0,0.0,0.1,0.30000000000000004,1.4,0.48989794855663565,2.0,1.1832159566199232,0.1,0.30000000000000004,0.0,0.0,0.0,0.0
1.7,0.9,0.12,2.2,0.9797958971132714,2.3,0.45825756949558405,2.2,0.9797958971132712,2.5,0.6708203932499369,1.8,1.0770329614269007,2.1,0.8306623862918073,2.4,0.66332495807108,1.9,0.7,2.5,1.284523257866513,1.6,0.8,0.7,0.6403124237432849,1.9,0.7,2.2,0.7483314773547882,1.8,0.7483314773547882,0.8,0.7483314773547883,1.1,1.1357816691600546,0.5,0.806225774829855,0.4,0.48989794855663565,0.5,0.5,1.6,0.9165151389911679,1.1,0.9433981132056604,0.0,0.0,0.0,0.0,0.1,0.30000000000000004,1.2,0.6000000000000001,1.8,1.16619037896906,0.1,0.30000000000000004,0.0,0.0,0.0,0.0
1.7,0.9,0.13,2.2,0.9797958971132714,2.3,0.45825756949558405,2.0,1.0954451150103321,2.3,0.45825756949558405,1.6,1.2806248474865698,1.8,0.8717797887081347,2.4,0.66332495807108,1.7,0.6403124237432848,1.9,1.1357816691600546,1.4,0.9165151389911681,0.6,0.48989794855663565,1.8,0.7483314773547883,1.9,0.8306623862918074,1.7,0.6403124237432849,0.6,0.8,0.9,1.044030650891055,0.5,0.806225774829855,0.4,0.48989794855663565,0.5,0.5,1.5,0.6708203932499369,0.8,0.7483314773547882,0.0,0.0,0.0,0.0,0.1,0.30000000000000004,1.0,0.4472135954999579,1.5,1.02469507659596,0.1,0.30000000000000004,0.0,0.0,0.0,0.0
1.3,1.0999999999999999,0.14,2.2,0.9797958971132714,2.2,0.6,1.9,0.9433981132056604,2.3,0.45825756949558405,1.2,0.9797958971132712,1.8,0.8717797887081347,2.3,0.9,1.6,0.66332495807108,1.7,1.004987562112089,1.3,0.7810249675906655,0.6,0.48989794855663565,1.8,0.7483314773547883,1.8,0.7483314773547883,1.5,0.6708203932499369,0.5,0.6708203932499369,0.9,1.044030650891055,0.4,0.66332495807108,0.4,0.48989794855663565,0.5,0.5,1.5,0.6708203932499369,0.7,0.6403124237432849,0.0,0.0,0.0,0.0,0.1,0.30000000000000004,0.7,0.6403124237432848,1.5,1.02469507659596,0.1,0.30000000000000004,0.0,0.0,0.0,0.0
1.1,0.8306623862918073,0.15,2.0,0.8944271909999159,2.2,0.6,1.9,0.9433981132056604,2.1,0.3,1.1,0.8306623862918073,1.6,0.8000000000000002,2.1,0.9433981132056604,1.6,0.66332495807108,1.6,0.9165151389911681,1.3,0.7810249675906655,0.6,0.48989794855663565,1.8,0.7483314773547883,1.7,0.7810249675906655,1.5,0.6708203932499369,0.3,0.45825756949558394,0.9,1.044030650891055,0.3,0.6403124237432848,0.4,0.48989794855663565,0.5,0.5,1.1,0.7,0.7,0.6403124237432849,0.0,0.0,0.0,0.0,0.1,0.30000000000000004,0.7,0.6403124237432848,1.3,0.9,0.0,0.0,0.0,0.0,0.0,0.0
1.1,0.8306623862918073,0.16,1.9,0.8306623862918074,2.0,0.6324555320336759,1.7,0.9,2.1,0.3,1.0,0.7745966692414834,1.5,0.806225774829855,1.9,0.8306623862918074,1.6,0.66332495807108,1.3,0.7810249675906654,1.2,0.7483314773547882,0.6,0.48989794855663565,1.8,0.7483314773547883,1.7,0.7810249675906655,1.5,0.6708203932499369,0.3,0.45825756949558394,0.9,1.044030650891055,0.2,0.4000000000000001,0.4,0.48989794855663565,0.5,0.5,0.9,0.7000000000000001,0.6,0.66332495807108,0.0,0.0,0.0,0.0,0.0,0.0,0.6,0.4898979485566356,1.1,1.044030650891055,0.0,0.0,0.0,0.0,0.0,0.0
0.9,0.7000000000000001,0.17,1.7,0.7810249675906653,1.9,0.5385164807134505,1.7,0.9,2.1,0.3,0.9,0.8306623862918076,1.5,0.806225774829855,1.9,0.8306623862918074,1.6,0.66332495807108,1.3,0.7810249675906654,1.0,0.7745966692414834,0.6,0.48989794855663565,1.8,0.7483314773547883,1.7,0.7810249675906655,1.5,0.6708203932499369,0.3,0.45825756949558394,0.7,0.7810249675906654,0.2,0.4000000000000001,0.4,0.48989794855663565,0.5,0.5,0.8,0.6000000000000001,0.5,0.6708203932499369,0.0,0.0,0.0,0.0,0.0,0.0,0.5,0.5,0.9,0.9433981132056605,0.0,0.0,0.0,0.0,0.0,0.0
0.8,0.7483314773547883,0.18,1.6,0.8000000000000002,1.8,0.4,1.7,0.9,2.0,0.4472135954999579,0.9,0.8306623862918076,1.3,0.9,1.7,0.7810249675906654,1.6,0.66332495807108,1.1,0.7,1.0,0.7745966692414834,0.6,0.48989794855663565,1.8,0.7483314773547883,1.5,0.806225774829855,1.5,0.6708203932499369,0.3,0.45825756949558394,0.6,0.66332495807108,0.2,0.4000000000000001,0.4,0.48989794855663565,0.5,0.5,0.7,0.45825756949558405,0.3,0.45825756949558405,0.0,0.0,0.0,0.0,0.0,0.0,0.5,0.5,0.9,0.9433981132056605,0.0,0.0,0.0,0.0,0.0,0.0
0.7,0.7810249675906654,0.19,1.5,0.806225774829855,1.8,0.4,1.7,0.9,2.0,0.4472135954999579,0.8,0.8717797887081347,1.3,0.9,1.7,0.7810249675906654,1.5,0.6708203932499369,1.1,0.7,0.9,0.7000000000000001,0.6,0.48989794855663565,1.7,0.6403124237432848,1.5,0.806225774829855,1.5,0.6708203932499369,0.3,0.45825756949558394,0.6,0.66332495807108,0.2,0.4000000000000001,0.4,0.48989794855663565,0.5,0.5,0.6,0.4898979485566356,0.3,0.45825756949558405,0.0,0.0,0.0,0.0,0.0,0.0,0.3,0.45825756949558405,0.9,0.9433981132056605,0.0,0.0,0.0,0.0,0.0,0.0
0.5,0.6708203932499369,0.2,1.4,0.8,1.7,0.45825756949558405,1.6,0.9165151389911681,2.0,0.4472135954999579,0.7,0.9,1.3,0.9,1.7,0.7810249675906654,1.5,0.6708203932499369,1.1,0.7,0.9,0.7000000000000001,0.6,0.48989794855663565,1.7,0.6403124237432848,1.4,0.8000000000000002,1.5,0.6708203932499369,0.3,0.45825756949558394,0.6,0.66332495807108,0.2,0.4000000000000001,0.4,0.48989794855663565,0.4,0.48989794855663565,0.5,0.5,0.2,0.4000000000000001,0.0,0.0,0.0,0.0,0.0,0.0,0.3,0.45825756949558405,0.9,0.9433981132056605,0.0,0.0,0.0,0.0,0.0,0.0
0.4,0.48989794855663565,0.21,1.3,0.7810249675906654,1.4,0.48989794855663565,1.6,0.9165151389911681,2.0,0.4472135954999579,0.7,0.9,1.3,0.9,1.5,0.806225774829855,1.4,0.48989794855663565,1.1,0.7,0.8,0.6000000000000001,0.6,0.48989794855663565,1.7,0.6403124237432848,1.4,0.8000000000000002,1.5,0.6708203932499369,0.3,0.45825756949558394,0.5,0.6708203932499369,0.2,0.4000000000000001,0.4,0.48989794855663565,0.4,0.48989794855663565,0.5,0.5,0.2,0.4000000000000001,0.0,0.0,0.0,0.0,0.0,0.0,0.3,0.45825756949558405,0.9,0.9433981132056605,0.0,0.0,0.0,0.0,0.0,0.0
0.3,0.45825756949558394,0.22,1.2,0.6000000000000001,1.3,0.6403124237432849,1.5,0.9219544457292888,1.8,0.6000000000000001,0.7,0.9,1.3,0.9,1.4,0.9165151389911681,1.4,0.48989794855663565,1.1,0.7,0.8,0.6000000000000001,0.6,0.48989794855663565,1.6,0.48989794855663565,1.4,0.8000000000000002,1.4,0.8,0.3,0.45825756949558394,0.4,0.6633249580710802,0.2,0.4000000000000001,0.4,0.48989794855663565,0.4,0.48989794855663565,0.4,0.4898979485566357,0.2,0.4000000000000001,0.0,0.0,0.0,0.0,0.0,0.0,0.3,0.45825756949558405,0.9,0.9433981132056605,0.0,0.0,0.0,0.0,0.0,0.0
0.3,0.45825756949558394,0.23,1.1,0.7,1.2,0.6000000000000001,1.3,0.7810249675906653,1.5,0.6708203932499369,0.4,0.66332495807108,1.2,0.7483314773547883,1.3,0.9,1.3,0.45825756949558405,1.0,0.7745966692414834,0.8,0.6000000000000001,0.6,0.48989794855663565,1.6,0.48989794855663565,1.3,0.7810249675906653,1.4,0.8,0.2,0.4,0.4,0.6633249580710802,0.2,0.4000000000000001,0.4,0.48989794855663565,0.4,0.48989794855663565,0.2,0.4000000000000001,0.2,0.4000000000000001,0.0,0.0,0.0,0.0,0.0,0.0,0.3,0.45825756949558405,0.7,0.7810249675906654,0.0,0.0,0.0,0.0,0.0,0.0
0.3,0.45825756949558394,0.24,1.1,0.7,1.2,0.6000000000000001,1.3,0.7810249675906653,1.5,0.6708203932499369,0.4,0.66332495807108,1.0,0.7745966692414834,1.3,0.9,1.3,0.45825756949558405,1.0,0.7745966692414834,0.7,0.6403124237432849,0.6,0.48989794855663565,1.5,0.6708203932499369,1.2,0.8717797887081347,1.4,0.8,0.2,0.4,0.2,0.4000000000000001,0.2,0.4000000000000001,0.4,0.48989794855663565,0.4,0.48989794855663565,0.1,0.30000000000000004,0.2,0.4000000000000001,0.0,0.0,0.0,0.0,0.0,0.0,0.2,0.4000000000000001,0.7,0.7810249675906654,0.0,0.0,0.0,0.0,0.0,0.0
0.3,0.45825756949558394,0.25,1.1,0.7,1.2,0.6000000000000001,1.2,0.6000000000000001,1.5,0.6708203932499369,0.3,0.6403124237432849,1.0,0.7745966692414834,1.3,0.9,1.3,0.45825756949558405,1.0,0.7745966692414834,0.6,0.4898979485566356,0.6,0.48989794855663565,1.5,0.6708203932499369,1.2,0.8717797887081347,1.4,0.8,0.2,0.4,0.2,0.4000000000000001,0.2,0.4000000000000001,0.4,0.48989794855663565,0.4,0.48989794855663565,0.1,0.30000000000000004,0.2,0.4000000000000001,0.0,0.0,0.0,0.0,0.0,0.0,0.2,0.4000000000000001,0.5,0.6708203932499369,0.0,0.0,0.0,0.0,0.0,0.0
0.3,0.45825756949558394,0.26,1.1,0.7,1.0,0.6324555320336759,1.2,0.6000000000000001,1.5,0.6708203932499369,0.1,0.30000000000000004,1.0,0.7745966692414834,1.2,0.7483314773547883,1.3,0.45825756949558405,1.0,0.7745966692414834,0.6,0.4898979485566356,0.6,0.48989794855663565,1.3,0.6403124237432849,1.2,0.8717797887081347,1.4,0.8,0.2,0.4,0.2,0.4000000000000001,0.2,0.4000000000000001,0.4,0.48989794855663565,0.4,0.48989794855663565,0.1,0.30000000000000004,0.2,0.4000000000000001,0.0,0.0,0.0,0.0,0.0,0.0,0.2,0.4000000000000001,0.2,0.4000000000000001,0.0,0.0,0.0,0.0,0.0,0.0
0.1,0.30000000000000004,0.27,1.1,0.7,1.0,0.6324555320336759,1.1,0.5385164807134505,1.4,0.66332495807108,0.1,0.30000000000000004,1.0,0.7745966692414834,1.2,0.7483314773547883,1.3,0.45825756949558405,1.0,0.7745966692414834,0.6,0.4898979485566356,0.5,0.5,1.3,0.6403124237432849,1.2,0.8717797887081347,1.4,0.8,0.1,0.30000000000000004,0.1,0.30000000000000004,0.2,0.4000000000000001,0.4,0.48989794855663565,0.4,0.48989794855663565,0.1,0.30000000000000004,0.2,0.4000000000000001,0.0,0.0,0.0,0.0,0.0,0.0,0.1,0.30000000000000004,0.2,0.4000000000000001,0.0,0.0,0.0,0.0,0.0,0.0
0.1,0.30000000000000004,0.28,1.1,0.7,1.0,0.6324555320336759,1.1,0.5385164807134505,1.3,0.7810249675906655,0.1,0.30000000000000004,1.0,0.7745966692414834,1.2,0.7483314773547883,1.3,0.45825756949558405,1.0,0.7745966692414834,0.5,0.5,0.5,0.5,1.3,0.6403124237432849,1.2,0.8717797887081347,1.4,0.8,0.0,0.0,0.1,0.30000000000000004,0.2,0.4000000000000001,0.4,0.48989794855663565,0.4,0.48989794855663565,0.1,0.30000000000000004,0.2,0.4000000000000001,0.0,0.0,0.0,0.0,0.0,0.0,0.1,0.30000000000000004,0.1,0.30000000000000004,0.0,0.0,0.0,0.0,0.0,0.0
0.1,0.30000000000000004,0.29,1.0,0.6324555320336759,0.9,0.5385164807134504,1.1,0.5385164807134505,1.3,0.7810249675906655,0.0,0.0,1.0,0.7745966692414834,1.2,0.7483314773547883,1.2,0.6000000000000001,0.9,0.7000000000000001,0.5,0.5,0.5,0.5,1.2,0.6,1.2,0.8717797887081347,1.3,0.7810249675906654,0.0,0.0,0.1,0.30000000000000004,0.2,0.4000000000000001,0.4,0.48989794855663565,0.4,0.48989794855663565,0.1,0.30000000000000004,0.2,0.4000000000000001,0.0,0.0,0.0,0.0,0.0,0.0,0.1,0.30000000000000004,0.1,0.30000000000000004,0.0,0.0,0.0,0.0,0.0,0.0
0.1,0.30000000000000004,0.3,1.0,0.6324555320336759,0.8,0.4,1.1,0.5385164807134505,1.3,0.7810249675906655,0.0,0.0,1.0,0.7745966692414834,1.2,0.7483314773547883,1.2,0.6000000000000001,0.9,0.7000000000000001,0.5,0.5,0.5,0.5,1.1,0.7000000000000001,1.2,0.8717797887081347,1.3,0.7810249675906654,0.0,0.0,0.1,0.30000000000000004,0.2,0.4000000000000001,0.4,0.48989794855663565,0.4,0.48989794855663565,0.1,0.30000000000000004,0.2,0.4000000000000001,0.0,0.0,0.0,0.0,0.0,0.0,0.0,0.0,0.1,0.30000000000000004,0.0,0.0,0.0,0.0,0.0,0.0
0.1,0.30000000000000004,0.31,1.0,0.6324555320336759,0.8,0.4,1.0,0.6324555320336759,1.3,0.7810249675906655,0.0,0.0,1.0,0.7745966692414834,1.2,0.7483314773547883,0.9,0.3,0.9,0.7000000000000001,0.5,0.5,0.5,0.5,1.1,0.7000000000000001,1.2,0.8717797887081347,1.3,0.7810249675906654,0.0,0.0,0.1,0.30000000000000004,0.2,0.4000000000000001,0.4,0.48989794855663565,0.4,0.48989794855663565,0.1,0.30000000000000004,0.2,0.4000000000000001,0.0,0.0,0.0,0.0,0.0,0.0,0.0,0.0,0.1,0.30000000000000004,0.0,0.0,0.0,0.0,0.0,0.0
0.1,0.30000000000000004,0.32,1.0,0.6324555320336759,0.8,0.4,1.0,0.6324555320336759,1.3,0.7810249675906655,0.0,0.0,1.0,0.7745966692414834,1.2,0.7483314773547883,0.9,0.3,0.9,0.7000000000000001,0.5,0.5,0.5,0.5,1.0,0.6324555320336759,1.2,0.8717797887081347,1.3,0.7810249675906654,0.0,0.0,0.1,0.30000000000000004,0.2,0.4000000000000001,0.4,0.48989794855663565,0.4,0.48989794855663565,0.1,0.30000000000000004,0.2,0.4000000000000001,0.0,0.0,0.0,0.0,0.0,0.0,0.0,0.0,0.0,0.0,0.0,0.0,0.0,0.0,0.0,0.0
0.1,0.30000000000000004,0.33,1.0,0.6324555320336759,0.8,0.4,0.9,0.5385164807134504,1.3,0.7810249675906655,0.0,0.0,0.9,0.8306623862918076,1.2,0.7483314773547883,0.9,0.3,0.9,0.7000000000000001,0.5,0.5,0.5,0.5,1.0,0.6324555320336759,1.2,0.8717797887081347,1.3,0.7810249675906654,0.0,0.0,0.1,0.30000000000000004,0.2,0.4000000000000001,0.4,0.48989794855663565,0.4,0.48989794855663565,0.1,0.30000000000000004,0.2,0.4000000000000001,0.0,0.0,0.0,0.0,0.0,0.0,0.0,0.0,0.0,0.0,0.0,0.0,0.0,0.0,0.0,0.0
0.1,0.30000000000000004,0.34,1.0,0.6324555320336759,0.8,0.4,0.8,0.4,1.3,0.7810249675906655,0.0,0.0,0.9,0.8306623862918076,1.2,0.7483314773547883,0.9,0.3,0.9,0.7000000000000001,0.5,0.5,0.5,0.5,1.0,0.6324555320336759,1.2,0.8717797887081347,1.3,0.7810249675906654,0.0,0.0,0.1,0.30000000000000004,0.2,0.4000000000000001,0.4,0.48989794855663565,0.4,0.48989794855663565,0.1,0.30000000000000004,0.2,0.4000000000000001,0.0,0.0,0.0,0.0,0.0,0.0,0.0,0.0,0.0,0.0,0.0,0.0,0.0,0.0,0.0,0.0
0.1,0.30000000000000004,0.35000000000000003,1.0,0.6324555320336759,0.7,0.45825756949558405,0.8,0.4,1.2,0.7483314773547882,0.0,0.0,0.9,0.8306623862918076,1.2,0.7483314773547883,0.9,0.3,0.9,0.7000000000000001,0.4,0.48989794855663565,0.5,0.5,1.0,0.6324555320336759,1.2,0.8717797887081347,1.3,0.7810249675906654,0.0,0.0,0.1,0.30000000000000004,0.2,0.4000000000000001,0.4,0.48989794855663565,0.4,0.48989794855663565,0.1,0.30000000000000004,0.2,0.4000000000000001,0.0,0.0,0.0,0.0,0.0,0.0,0.0,0.0,0.0,0.0,0.0,0.0,0.0,0.0,0.0,0.0
0.1,0.30000000000000004,0.36,0.9,0.5385164807134504,0.7,0.45825756949558405,0.8,0.4,1.2,0.7483314773547882,0.0,0.0,0.9,0.8306623862918076,1.2,0.7483314773547883,0.9,0.3,0.9,0.7000000000000001,0.3,0.45825756949558394,0.5,0.5,1.0,0.6324555320336759,1.2,0.8717797887081347,1.3,0.7810249675906654,0.0,0.0,0.1,0.30000000000000004,0.2,0.4000000000000001,0.4,0.48989794855663565,0.4,0.48989794855663565,0.1,0.30000000000000004,0.2,0.4000000000000001,0.0,0.0,0.0,0.0,0.0,0.0,0.0,0.0,0.0,0.0,0.0,0.0,0.0,0.0,0.0,0.0
0.1,0.30000000000000004,0.37,0.9,0.5385164807134504,0.7,0.45825756949558405,0.7,0.45825756949558405,1.1,0.8306623862918074,0.0,0.0,0.8,0.7483314773547883,1.2,0.7483314773547883,0.9,0.3,0.9,0.7000000000000001,0.3,0.45825756949558394,0.5,0.5,0.9,0.5385164807134505,1.2,0.8717797887081347,1.2,0.7483314773547883,0.0,0.0,0.1,0.30000000000000004,0.2,0.4000000000000001,0.4,0.48989794855663565,0.4,0.48989794855663565,0.1,0.30000000000000004,0.2,0.4000000000000001,0.0,0.0,0.0,0.0,0.0,0.0,0.0,0.0,0.0,0.0,0.0,0.0,0.0,0.0,0.0,0.0
0.1,0.30000000000000004,0.38,0.8,0.6000000000000001,0.6,0.48989794855663565,0.7,0.45825756949558405,1.1,0.8306623862918074,0.0,0.0,0.8,0.7483314773547883,1.2,0.7483314773547883,0.9,0.3,0.8,0.6000000000000001,0.2,0.4000000000000001,0.5,0.5,0.9,0.5385164807134505,1.2,0.8717797887081347,1.2,0.7483314773547883,0.0,0.0,0.0,0.0,0.2,0.4000000000000001,0.4,0.48989794855663565,0.4,0.48989794855663565,0.1,0.30000000000000004,0.1,0.30000000000000004,0.0,0.0,0.0,0.0,0.0,0.0,0.0,0.0,0.0,0.0,0.0,0.0,0.0,0.0,0.0,0.0
0.1,0.30000000000000004,0.39,0.8,0.6000000000000001,0.6,0.48989794855663565,0.7,0.45825756949558405,1.1,0.8306623862918074,0.0,0.0,0.8,0.7483314773547883,1.2,0.7483314773547883,0.9,0.3,0.8,0.6000000000000001,0.1,0.30000000000000004,0.5,0.5,0.8,0.6000000000000001,1.2,0.8717797887081347,1.2,0.7483314773547883,0.0,0.0,0.0,0.0,0.2,0.4000000000000001,0.4,0.48989794855663565,0.4,0.48989794855663565,0.0,0.0,0.1,0.30000000000000004,0.0,0.0,0.0,0.0,0.0,0.0,0.0,0.0,0.0,0.0,0.0,0.0,0.0,0.0,0.0,0.0
0.1,0.30000000000000004,0.4,0.8,0.6000000000000001,0.6,0.48989794855663565,0.7,0.45825756949558405,0.9,0.8306623862918076,0.0,0.0,0.8,0.7483314773547883,1.1,0.7,0.9,0.3,0.6,0.4898979485566356,0.1,0.30000000000000004,0.5,0.5,0.8,0.6000000000000001,1.2,0.8717797887081347,1.1,0.8306623862918074,0.0,0.0,0.0,0.0,0.2,0.4000000000000001,0.4,0.48989794855663565,0.4,0.48989794855663565,0.0,0.0,0.1,0.30000000000000004,0.0,0.0,0.0,0.0,0.0,0.0,0.0,0.0,0.0,0.0,0.0,0.0,0.0,0.0,0.0,0.0
0.1,0.30000000000000004,0.41000000000000003,0.8,0.6000000000000001,0.6,0.48989794855663565,0.7,0.45825756949558405,0.9,0.8306623862918076,0.0,0.0,0.8,0.7483314773547883,1.1,0.7,0.9,0.3,0.6,0.4898979485566356,0.1,0.30000000000000004,0.4,0.48989794855663565,0.8,0.6000000000000001,1.2,0.8717797887081347,1.1,0.8306623862918074,0.0,0.0,0.0,0.0,0.2,0.4000000000000001,0.4,0.48989794855663565,0.4,0.48989794855663565,0.0,0.0,0.1,0.30000000000000004,0.0,0.0,0.0,0.0,0.0,0.0,0.0,0.0,0.0,0.0,0.0,0.0,0.0,0.0,0.0,0.0
0.1,0.30000000000000004,0.42,0.8,0.6000000000000001,0.6,0.48989794855663565,0.7,0.45825756949558405,0.9,0.8306623862918076,0.0,0.0,0.7,0.6403124237432849,1.0,0.6324555320336759,0.9,0.3,0.6,0.4898979485566356,0.1,0.30000000000000004,0.4,0.48989794855663565,0.8,0.6000000000000001,1.1,0.8306623862918074,1.0,0.6324555320336759,0.0,0.0,0.0,0.0,0.2,0.4000000000000001,0.4,0.48989794855663565,0.4,0.48989794855663565,0.0,0.0,0.1,0.30000000000000004,0.0,0.0,0.0,0.0,0.0,0.0,0.0,0.0,0.0,0.0,0.0,0.0,0.0,0.0,0.0,0.0
0.1,0.30000000000000004,0.43,0.8,0.6000000000000001,0.6,0.48989794855663565,0.7,0.45825756949558405,0.8,0.8717797887081348,0.0,0.0,0.7,0.6403124237432849,0.9,0.7,0.9,0.3,0.6,0.4898979485566356,0.1,0.30000000000000004,0.4,0.48989794855663565,0.8,0.6000000000000001,1.1,0.8306623862918074,1.0,0.6324555320336759,0.0,0.0,0.0,0.0,0.2,0.4000000000000001,0.4,0.48989794855663565,0.4,0.48989794855663565,0.0,0.0,0.1,0.30000000000000004,0.0,0.0,0.0,0.0,0.0,0.0,0.0,0.0,0.0,0.0,0.0,0.0,0.0,0.0,0.0,0.0
0.1,0.30000000000000004,0.44,0.8,0.6000000000000001,0.6,0.48989794855663565,0.7,0.45825756949558405,0.8,0.8717797887081348,0.0,0.0,0.7,0.6403124237432849,0.8,0.6000000000000001,0.9,0.3,0.6,0.4898979485566356,0.1,0.30000000000000004,0.4,0.48989794855663565,0.8,0.6000000000000001,1.0,0.6324555320336759,1.0,0.6324555320336759,0.0,0.0,0.0,0.0,0.2,0.4000000000000001,0.4,0.48989794855663565,0.4,0.48989794855663565,0.0,0.0,0.1,0.30000000000000004,0.0,0.0,0.0,0.0,0.0,0.0,0.0,0.0,0.0,0.0,0.0,0.0,0.0,0.0,0.0,0.0
0.1,0.30000000000000004,0.45,0.8,0.6000000000000001,0.6,0.48989794855663565,0.7,0.45825756949558405,0.8,0.8717797887081348,0.0,0.0,0.7,0.6403124237432849,0.8,0.6000000000000001,0.9,0.3,0.6,0.4898979485566356,0.1,0.30000000000000004,0.4,0.48989794855663565,0.8,0.6000000000000001,1.0,0.6324555320336759,1.0,0.6324555320336759,0.0,0.0,0.0,0.0,0.2,0.4000000000000001,0.4,0.48989794855663565,0.4,0.48989794855663565,0.0,0.0,0.1,0.30000000000000004,0.0,0.0,0.0,0.0,0.0,0.0,0.0,0.0,0.0,0.0,0.0,0.0,0.0,0.0,0.0,0.0
0.1,0.30000000000000004,0.46,0.7,0.45825756949558405,0.6,0.48989794855663565,0.7,0.45825756949558405,0.8,0.8717797887081348,0.0,0.0,0.7,0.6403124237432849,0.8,0.6000000000000001,0.9,0.3,0.6,0.4898979485566356,0.1,0.30000000000000004,0.4,0.48989794855663565,0.8,0.6000000000000001,1.0,0.6324555320336759,1.0,0.6324555320336759,0.0,0.0,0.0,0.0,0.2,0.4000000000000001,0.4,0.48989794855663565,0.4,0.48989794855663565,0.0,0.0,0.1,0.30000000000000004,0.0,0.0,0.0,0.0,0.0,0.0,0.0,0.0,0.0,0.0,0.0,0.0,0.0,0.0,0.0,0.0
0.1,0.30000000000000004,0.47000000000000003,0.7,0.45825756949558405,0.6,0.48989794855663565,0.7,0.45825756949558405,0.8,0.8717797887081348,0.0,0.0,0.7,0.6403124237432849,0.8,0.6000000000000001,0.9,0.3,0.6,0.4898979485566356,0.1,0.30000000000000004,0.4,0.48989794855663565,0.8,0.6000000000000001,1.0,0.6324555320336759,0.9,0.5385164807134504,0.0,0.0,0.0,0.0,0.2,0.4000000000000001,0.4,0.48989794855663565,0.4,0.48989794855663565,0.0,0.0,0.1,0.30000000000000004,0.0,0.0,0.0,0.0,0.0,0.0,0.0,0.0,0.0,0.0,0.0,0.0,0.0,0.0,0.0,0.0
0.1,0.30000000000000004,0.48,0.7,0.45825756949558405,0.6,0.48989794855663565,0.7,0.45825756949558405,0.8,0.8717797887081348,0.0,0.0,0.7,0.6403124237432849,0.8,0.6000000000000001,0.9,0.3,0.6,0.4898979485566356,0.1,0.30000000000000004,0.4,0.48989794855663565,0.8,0.6000000000000001,1.0,0.6324555320336759,0.9,0.5385164807134504,0.0,0.0,0.0,0.0,0.2,0.4000000000000001,0.4,0.48989794855663565,0.4,0.48989794855663565,0.0,0.0,0.1,0.30000000000000004,0.0,0.0,0.0,0.0,0.0,0.0,0.0,0.0,0.0,0.0,0.0,0.0,0.0,0.0,0.0,0.0
0.1,0.30000000000000004,0.49,0.7,0.45825756949558405,0.6,0.48989794855663565,0.7,0.45825756949558405,0.8,0.8717797887081348,0.0,0.0,0.7,0.6403124237432849,0.8,0.6000000000000001,0.9,0.3,0.6,0.4898979485566356,0.1,0.30000000000000004,0.4,0.48989794855663565,0.8,0.6000000000000001,0.9,0.5385164807134504,0.9,0.5385164807134504,0.0,0.0,0.0,0.0,0.2,0.4000000000000001,0.4,0.48989794855663565,0.4,0.48989794855663565,0.0,0.0,0.1,0.30000000000000004,0.0,0.0,0.0,0.0,0.0,0.0,0.0,0.0,0.0,0.0,0.0,0.0,0.0,0.0,0.0,0.0
0.1,0.30000000000000004,0.5,0.7,0.45825756949558405,0.6,0.48989794855663565,0.7,0.45825756949558405,0.7,0.6403124237432849,0.0,0.0,0.7,0.6403124237432849,0.8,0.6000000000000001,0.9,0.3,0.6,0.4898979485566356,0.1,0.30000000000000004,0.4,0.48989794855663565,0.8,0.6000000000000001,0.9,0.5385164807134504,0.9,0.5385164807134504,0.0,0.0,0.0,0.0,0.2,0.4000000000000001,0.4,0.48989794855663565,0.4,0.48989794855663565,0.0,0.0,0.0,0.0,0.0,0.0,0.0,0.0,0.0,0.0,0.0,0.0,0.0,0.0,0.0,0.0,0.0,0.0,0.0,0.0
0.1,0.30000000000000004,0.51,0.7,0.45825756949558405,0.6,0.48989794855663565,0.7,0.45825756949558405,0.7,0.6403124237432849,0.0,0.0,0.7,0.6403124237432849,0.7,0.45825756949558405,0.9,0.3,0.6,0.4898979485566356,0.1,0.30000000000000004,0.4,0.48989794855663565,0.8,0.6000000000000001,0.9,0.5385164807134504,0.9,0.5385164807134504,0.0,0.0,0.0,0.0,0.2,0.4000000000000001,0.4,0.48989794855663565,0.4,0.48989794855663565,0.0,0.0,0.0,0.0,0.0,0.0,0.0,0.0,0.0,0.0,0.0,0.0,0.0,0.0,0.0,0.0,0.0,0.0,0.0,0.0
0.1,0.30000000000000004,0.52,0.7,0.45825756949558405,0.6,0.48989794855663565,0.7,0.45825756949558405,0.6,0.48989794855663565,0.0,0.0,0.7,0.6403124237432849,0.7,0.45825756949558405,0.9,0.3,0.6,0.4898979485566356,0.1,0.30000000000000004,0.4,0.48989794855663565,0.8,0.6000000000000001,0.9,0.5385164807134504,0.9,0.5385164807134504,0.0,0.0,0.0,0.0,0.2,0.4000000000000001,0.4,0.48989794855663565,0.4,0.48989794855663565,0.0,0.0,0.0,0.0,0.0,0.0,0.0,0.0,0.0,0.0,0.0,0.0,0.0,0.0,0.0,0.0,0.0,0.0,0.0,0.0
0.1,0.30000000000000004,0.53,0.7,0.45825756949558405,0.6,0.48989794855663565,0.7,0.45825756949558405,0.6,0.48989794855663565,0.0,0.0,0.6,0.6633249580710799,0.7,0.45825756949558405,0.9,0.3,0.6,0.4898979485566356,0.1,0.30000000000000004,0.3,0.45825756949558394,0.8,0.6000000000000001,0.9,0.5385164807134504,0.9,0.5385164807134504,0.0,0.0,0.0,0.0,0.2,0.4000000000000001,0.4,0.48989794855663565,0.4,0.48989794855663565,0.0,0.0,0.0,0.0,0.0,0.0,0.0,0.0,0.0,0.0,0.0,0.0,0.0,0.0,0.0,0.0,0.0,0.0,0.0,0.0
0.1,0.30000000000000004,0.54,0.6,0.48989794855663565,0.6,0.48989794855663565,0.7,0.45825756949558405,0.6,0.48989794855663565,0.0,0.0,0.6,0.6633249580710799,0.7,0.45825756949558405,0.9,0.3,0.5,0.5,0.1,0.30000000000000004,0.3,0.45825756949558394,0.8,0.6000000000000001,0.9,0.5385164807134504,0.9,0.5385164807134504,0.0,0.0,0.0,0.0,0.2,0.4000000000000001,0.4,0.48989794855663565,0.4,0.48989794855663565,0.0,0.0,0.0,0.0,0.0,0.0,0.0,0.0,0.0,0.0,0.0,0.0,0.0,0.0,0.0,0.0,0.0,0.0,0.0,0.0
0.1,0.30000000000000004,0.55,0.6,0.48989794855663565,0.5,0.5,0.7,0.45825756949558405,0.6,0.48989794855663565,0.0,0.0,0.6,0.6633249580710799,0.7,0.45825756949558405,0.9,0.3,0.5,0.5,0.1,0.30000000000000004,0.3,0.45825756949558394,0.8,0.6000000000000001,0.9,0.5385164807134504,0.8,0.6000000000000001,0.0,0.0,0.0,0.0,0.2,0.4000000000000001,0.4,0.48989794855663565,0.4,0.48989794855663565,0.0,0.0,0.0,0.0,0.0,0.0,0.0,0.0,0.0,0.0,0.0,0.0,0.0,0.0,0.0,0.0,0.0,0.0,0.0,0.0
0.1,0.30000000000000004,0.56,0.6,0.48989794855663565,0.4,0.4898979485566356,0.7,0.45825756949558405,0.5,0.5,0.0,0.0,0.6,0.6633249580710799,0.7,0.45825756949558405,0.9,0.3,0.5,0.5,0.1,0.30000000000000004,0.3,0.45825756949558394,0.8,0.6000000000000001,0.9,0.5385164807134504,0.7,0.6403124237432849,0.0,0.0,0.0,0.0,0.2,0.4000000000000001,0.4,0.48989794855663565,0.4,0.48989794855663565,0.0,0.0,0.0,0.0,0.0,0.0,0.0,0.0,0.0,0.0,0.0,0.0,0.0,0.0,0.0,0.0,0.0,0.0,0.0,0.0
0.0,0.0,0.5700000000000001,0.6,0.48989794855663565,0.4,0.4898979485566356,0.7,0.45825756949558405,0.5,0.5,0.0,0.0,0.6,0.6633249580710799,0.7,0.45825756949558405,0.9,0.3,0.4,0.48989794855663565,0.1,0.30000000000000004,0.3,0.45825756949558394,0.8,0.6000000000000001,0.9,0.5385164807134504,0.7,0.6403124237432849,0.0,0.0,0.0,0.0,0.2,0.4000000000000001,0.4,0.48989794855663565,0.4,0.48989794855663565,0.0,0.0,0.0,0.0,0.0,0.0,0.0,0.0,0.0,0.0,0.0,0.0,0.0,0.0,0.0,0.0,0.0,0.0,0.0,0.0
0.0,0.0,0.58,0.5,0.5,0.4,0.4898979485566356,0.5,0.5,0.5,0.5,0.0,0.0,0.6,0.6633249580710799,0.7,0.45825756949558405,0.9,0.3,0.4,0.48989794855663565,0.1,0.30000000000000004,0.3,0.45825756949558394,0.8,0.6000000000000001,0.9,0.5385164807134504,0.7,0.6403124237432849,0.0,0.0,0.0,0.0,0.2,0.4000000000000001,0.4,0.48989794855663565,0.4,0.48989794855663565,0.0,0.0,0.0,0.0,0.0,0.0,0.0,0.0,0.0,0.0,0.0,0.0,0.0,0.0,0.0,0.0,0.0,0.0,0.0,0.0
0.0,0.0,0.59,0.5,0.5,0.4,0.4898979485566356,0.4,0.4898979485566357,0.5,0.5,0.0,0.0,0.6,0.6633249580710799,0.7,0.45825756949558405,0.9,0.3,0.4,0.48989794855663565,0.1,0.30000000000000004,0.3,0.45825756949558394,0.8,0.6000000000000001,0.8,0.6000000000000001,0.7,0.6403124237432849,0.0,0.0,0.0,0.0,0.2,0.4000000000000001,0.4,0.48989794855663565,0.4,0.48989794855663565,0.0,0.0,0.0,0.0,0.0,0.0,0.0,0.0,0.0,0.0,0.0,0.0,0.0,0.0,0.0,0.0,0.0,0.0,0.0,0.0
0.0,0.0,0.6,0.5,0.5,0.4,0.4898979485566356,0.4,0.4898979485566357,0.5,0.5,0.0,0.0,0.6,0.6633249580710799,0.7,0.45825756949558405,0.9,0.3,0.4,0.48989794855663565,0.1,0.30000000000000004,0.3,0.45825756949558394,0.8,0.6000000000000001,0.8,0.6000000000000001,0.7,0.6403124237432849,0.0,0.0,0.0,0.0,0.2,0.4000000000000001,0.4,0.48989794855663565,0.4,0.48989794855663565,0.0,0.0,0.0,0.0,0.0,0.0,0.0,0.0,0.0,0.0,0.0,0.0,0.0,0.0,0.0,0.0,0.0,0.0,0.0,0.0
0.0,0.0,0.61,0.5,0.5,0.4,0.4898979485566356,0.4,0.4898979485566357,0.5,0.5,0.0,0.0,0.6,0.6633249580710799,0.7,0.45825756949558405,0.8,0.4000000000000001,0.4,0.48989794855663565,0.1,0.30000000000000004,0.3,0.45825756949558394,0.8,0.6000000000000001,0.8,0.6000000000000001,0.7,0.6403124237432849,0.0,0.0,0.0,0.0,0.2,0.4000000000000001,0.4,0.48989794855663565,0.4,0.48989794855663565,0.0,0.0,0.0,0.0,0.0,0.0,0.0,0.0,0.0,0.0,0.0,0.0,0.0,0.0,0.0,0.0,0.0,0.0,0.0,0.0
0.0,0.0,0.62,0.4,0.48989794855663565,0.4,0.4898979485566356,0.4,0.4898979485566357,0.5,0.5,0.0,0.0,0.6,0.6633249580710799,0.7,0.45825756949558405,0.8,0.4000000000000001,0.4,0.48989794855663565,0.1,0.30000000000000004,0.3,0.45825756949558394,0.8,0.6000000000000001,0.8,0.6000000000000001,0.7,0.6403124237432849,0.0,0.0,0.0,0.0,0.2,0.4000000000000001,0.4,0.48989794855663565,0.4,0.48989794855663565,0.0,0.0,0.0,0.0,0.0,0.0,0.0,0.0,0.0,0.0,0.0,0.0,0.0,0.0,0.0,0.0,0.0,0.0,0.0,0.0
0.0,0.0,0.63,0.4,0.48989794855663565,0.4,0.4898979485566356,0.4,0.4898979485566357,0.4,0.4898979485566356,0.0,0.0,0.6,0.6633249580710799,0.7,0.45825756949558405,0.7,0.45825756949558405,0.4,0.48989794855663565,0.1,0.30000000000000004,0.3,0.45825756949558394,0.8,0.6000000000000001,0.8,0.6000000000000001,0.7,0.6403124237432849,0.0,0.0,0.0,0.0,0.2,0.4000000000000001,0.4,0.48989794855663565,0.4,0.48989794855663565,0.0,0.0,0.0,0.0,0.0,0.0,0.0,0.0,0.0,0.0,0.0,0.0,0.0,0.0,0.0,0.0,0.0,0.0,0.0,0.0
0.0,0.0,0.64,0.4,0.48989794855663565,0.4,0.4898979485566356,0.3,0.45825756949558405,0.4,0.4898979485566356,0.0,0.0,0.6,0.6633249580710799,0.7,0.45825756949558405,0.7,0.45825756949558405,0.4,0.48989794855663565,0.1,0.30000000000000004,0.3,0.45825756949558394,0.8,0.6000000000000001,0.8,0.6000000000000001,0.7,0.6403124237432849,0.0,0.0,0.0,0.0,0.2,0.4000000000000001,0.4,0.48989794855663565,0.4,0.48989794855663565,0.0,0.0,0.0,0.0,0.0,0.0,0.0,0.0,0.0,0.0,0.0,0.0,0.0,0.0,0.0,0.0,0.0,0.0,0.0,0.0
0.0,0.0,0.65,0.4,0.48989794855663565,0.4,0.4898979485566356,0.3,0.45825756949558405,0.4,0.4898979485566356,0.0,0.0,0.6,0.6633249580710799,0.7,0.45825756949558405,0.6,0.4898979485566356,0.4,0.48989794855663565,0.1,0.30000000000000004,0.3,0.45825756949558394,0.8,0.6000000000000001,0.8,0.6000000000000001,0.7,0.6403124237432849,0.0,0.0,0.0,0.0,0.2,0.4000000000000001,0.4,0.48989794855663565,0.4,0.48989794855663565,0.0,0.0,0.0,0.0,0.0,0.0,0.0,0.0,0.0,0.0,0.0,0.0,0.0,0.0,0.0,0.0,0.0,0.0,0.0,0.0
0.0,0.0,0.66,0.3,0.45825756949558405,0.4,0.4898979485566356,0.1,0.30000000000000004,0.4,0.4898979485566356,0.0,0.0,0.5,0.6708203932499369,0.7,0.45825756949558405,0.5,0.5,0.4,0.48989794855663565,0.1,0.30000000000000004,0.3,0.45825756949558394,0.7,0.6403124237432849,0.8,0.6000000000000001,0.7,0.6403124237432849,0.0,0.0,0.0,0.0,0.2,0.4000000000000001,0.4,0.48989794855663565,0.4,0.48989794855663565,0.0,0.0,0.0,0.0,0.0,0.0,0.0,0.0,0.0,0.0,0.0,0.0,0.0,0.0,0.0,0.0,0.0,0.0,0.0,0.0
0.0,0.0,0.67,0.3,0.45825756949558405,0.4,0.4898979485566356,0.1,0.30000000000000004,0.4,0.4898979485566356,0.0,0.0,0.5,0.6708203932499369,0.7,0.45825756949558405,0.5,0.5,0.4,0.48989794855663565,0.1,0.30000000000000004,0.3,0.45825756949558394,0.7,0.6403124237432849,0.8,0.6000000000000001,0.7,0.6403124237432849,0.0,0.0,0.0,0.0,0.2,0.4000000000000001,0.4,0.48989794855663565,0.4,0.48989794855663565,0.0,0.0,0.0,0.0,0.0,0.0,0.0,0.0,0.0,0.0,0.0,0.0,0.0,0.0,0.0,0.0,0.0,0.0,0.0,0.0
0.0,0.0,0.68,0.3,0.45825756949558405,0.4,0.4898979485566356,0.1,0.30000000000000004,0.4,0.4898979485566356,0.0,0.0,0.4,0.48989794855663565,0.7,0.45825756949558405,0.5,0.5,0.4,0.48989794855663565,0.1,0.30000000000000004,0.3,0.45825756949558394,0.7,0.6403124237432849,0.8,0.6000000000000001,0.6,0.66332495807108,0.0,0.0,0.0,0.0,0.2,0.4000000000000001,0.4,0.48989794855663565,0.4,0.48989794855663565,0.0,0.0,0.0,0.0,0.0,0.0,0.0,0.0,0.0,0.0,0.0,0.0,0.0,0.0,0.0,0.0,0.0,0.0,0.0,0.0
0.0,0.0,0.6900000000000001,0.3,0.45825756949558405,0.4,0.4898979485566356,0.1,0.30000000000000004,0.4,0.4898979485566356,0.0,0.0,0.4,0.48989794855663565,0.6,0.48989794855663565,0.5,0.5,0.4,0.48989794855663565,0.1,0.30000000000000004,0.2,0.4000000000000001,0.7,0.6403124237432849,0.8,0.6000000000000001,0.6,0.66332495807108,0.0,0.0,0.0,0.0,0.2,0.4000000000000001,0.4,0.48989794855663565,0.4,0.48989794855663565,0.0,0.0,0.0,0.0,0.0,0.0,0.0,0.0,0.0,0.0,0.0,0.0,0.0,0.0,0.0,0.0,0.0,0.0,0.0,0.0
0.0,0.0,0.7000000000000001,0.2,0.4000000000000001,0.4,0.4898979485566356,0.1,0.30000000000000004,0.4,0.4898979485566356,0.0,0.0,0.4,0.48989794855663565,0.4,0.4898979485566356,0.5,0.5,0.4,0.48989794855663565,0.0,0.0,0.2,0.4000000000000001,0.7,0.6403124237432849,0.8,0.6000000000000001,0.6,0.66332495807108,0.0,0.0,0.0,0.0,0.2,0.4000000000000001,0.4,0.48989794855663565,0.4,0.48989794855663565,0.0,0.0,0.0,0.0,0.0,0.0,0.0,0.0,0.0,0.0,0.0,0.0,0.0,0.0,0.0,0.0,0.0,0.0,0.0,0.0
0.0,0.0,0.71,0.2,0.4000000000000001,0.4,0.4898979485566356,0.1,0.30000000000000004,0.4,0.4898979485566356,0.0,0.0,0.3,0.45825756949558394,0.4,0.4898979485566356,0.5,0.5,0.4,0.48989794855663565,0.0,0.0,0.2,0.4000000000000001,0.7,0.6403124237432849,0.8,0.6000000000000001,0.6,0.66332495807108,0.0,0.0,0.0,0.0,0.2,0.4000000000000001,0.4,0.48989794855663565,0.4,0.48989794855663565,0.0,0.0,0.0,0.0,0.0,0.0,0.0,0.0,0.0,0.0,0.0,0.0,0.0,0.0,0.0,0.0,0.0,0.0,0.0,0.0
0.0,0.0,0.72,0.2,0.4000000000000001,0.4,0.4898979485566356,0.1,0.30000000000000004,0.4,0.4898979485566356,0.0,0.0,0.3,0.45825756949558394,0.4,0.4898979485566356,0.5,0.5,0.4,0.48989794855663565,0.0,0.0,0.2,0.4000000000000001,0.7,0.6403124237432849,0.8,0.6000000000000001,0.6,0.66332495807108,0.0,0.0,0.0,0.0,0.2,0.4000000000000001,0.4,0.48989794855663565,0.4,0.48989794855663565,0.0,0.0,0.0,0.0,0.0,0.0,0.0,0.0,0.0,0.0,0.0,0.0,0.0,0.0,0.0,0.0,0.0,0.0,0.0,0.0
0.0,0.0,0.73,0.2,0.4000000000000001,0.4,0.4898979485566356,0.1,0.30000000000000004,0.4,0.4898979485566356,0.0,0.0,0.3,0.45825756949558394,0.4,0.4898979485566356,0.5,0.5,0.4,0.48989794855663565,0.0,0.0,0.2,0.4000000000000001,0.7,0.6403124237432849,0.8,0.6000000000000001,0.4,0.48989794855663565,0.0,0.0,0.0,0.0,0.2,0.4000000000000001,0.4,0.48989794855663565,0.4,0.48989794855663565,0.0,0.0,0.0,0.0,0.0,0.0,0.0,0.0,0.0,0.0,0.0,0.0,0.0,0.0,0.0,0.0,0.0,0.0,0.0,0.0
0.0,0.0,0.74,0.2,0.4000000000000001,0.4,0.4898979485566356,0.1,0.30000000000000004,0.4,0.4898979485566356,0.0,0.0,0.2,0.4000000000000001,0.4,0.4898979485566356,0.5,0.5,0.3,0.45825756949558405,0.0,0.0,0.2,0.4000000000000001,0.7,0.6403124237432849,0.8,0.6000000000000001,0.4,0.48989794855663565,0.0,0.0,0.0,0.0,0.2,0.4000000000000001,0.4,0.48989794855663565,0.4,0.48989794855663565,0.0,0.0,0.0,0.0,0.0,0.0,0.0,0.0,0.0,0.0,0.0,0.0,0.0,0.0,0.0,0.0,0.0,0.0,0.0,0.0
0.0,0.0,0.75,0.1,0.30000000000000004,0.4,0.4898979485566356,0.1,0.30000000000000004,0.4,0.4898979485566356,0.0,0.0,0.2,0.4000000000000001,0.3,0.45825756949558405,0.4,0.48989794855663565,0.3,0.45825756949558405,0.0,0.0,0.2,0.4000000000000001,0.7,0.6403124237432849,0.8,0.6000000000000001,0.4,0.48989794855663565,0.0,0.0,0.0,0.0,0.2,0.4000000000000001,0.4,0.48989794855663565,0.4,0.48989794855663565,0.0,0.0,0.0,0.0,0.0,0.0,0.0,0.0,0.0,0.0,0.0,0.0,0.0,0.0,0.0,0.0,0.0,0.0,0.0,0.0
0.0,0.0,0.76,0.1,0.30000000000000004,0.4,0.4898979485566356,0.1,0.30000000000000004,0.4,0.4898979485566356,0.0,0.0,0.2,0.4000000000000001,0.3,0.45825756949558405,0.3,0.45825756949558394,0.3,0.45825756949558405,0.0,0.0,0.2,0.4000000000000001,0.7,0.6403124237432849,0.8,0.6000000000000001,0.4,0.48989794855663565,0.0,0.0,0.0,0.0,0.2,0.4000000000000001,0.4,0.48989794855663565,0.4,0.48989794855663565,0.0,0.0,0.0,0.0,0.0,0.0,0.0,0.0,0.0,0.0,0.0,0.0,0.0,0.0,0.0,0.0,0.0,0.0,0.0,0.0
0.0,0.0,0.77,0.1,0.30000000000000004,0.3,0.45825756949558394,0.0,0.0,0.4,0.4898979485566356,0.0,0.0,0.2,0.4000000000000001,0.3,0.45825756949558405,0.3,0.45825756949558394,0.3,0.45825756949558405,0.0,0.0,0.2,0.4000000000000001,0.7,0.6403124237432849,0.8,0.6000000000000001,0.4,0.48989794855663565,0.0,0.0,0.0,0.0,0.2,0.4000000000000001,0.4,0.48989794855663565,0.4,0.48989794855663565,0.0,0.0,0.0,0.0,0.0,0.0,0.0,0.0,0.0,0.0,0.0,0.0,0.0,0.0,0.0,0.0,0.0,0.0,0.0,0.0
0.0,0.0,0.78,0.1,0.30000000000000004,0.3,0.45825756949558394,0.0,0.0,0.4,0.4898979485566356,0.0,0.0,0.2,0.4000000000000001,0.3,0.45825756949558405,0.3,0.45825756949558394,0.3,0.45825756949558405,0.0,0.0,0.2,0.4000000000000001,0.7,0.6403124237432849,0.8,0.6000000000000001,0.4,0.48989794855663565,0.0,0.0,0.0,0.0,0.2,0.4000000000000001,0.4,0.48989794855663565,0.4,0.48989794855663565,0.0,0.0,0.0,0.0,0.0,0.0,0.0,0.0,0.0,0.0,0.0,0.0,0.0,0.0,0.0,0.0,0.0,0.0,0.0,0.0
0.0,0.0,0.79,0.1,0.30000000000000004,0.3,0.45825756949558394,0.0,0.0,0.4,0.4898979485566356,0.0,0.0,0.2,0.4000000000000001,0.3,0.45825756949558405,0.3,0.45825756949558394,0.3,0.45825756949558405,0.0,0.0,0.2,0.4000000000000001,0.7,0.6403124237432849,0.8,0.6000000000000001,0.4,0.48989794855663565,0.0,0.0,0.0,0.0,0.2,0.4000000000000001,0.4,0.48989794855663565,0.4,0.48989794855663565,0.0,0.0,0.0,0.0,0.0,0.0,0.0,0.0,0.0,0.0,0.0,0.0,0.0,0.0,0.0,0.0,0.0,0.0,0.0,0.0
0.0,0.0,0.8,0.1,0.30000000000000004,0.3,0.45825756949558394,0.0,0.0,0.4,0.4898979485566356,0.0,0.0,0.2,0.4000000000000001,0.3,0.45825756949558405,0.3,0.45825756949558394,0.3,0.45825756949558405,0.0,0.0,0.2,0.4000000000000001,0.7,0.6403124237432849,0.8,0.6000000000000001,0.4,0.48989794855663565,0.0,0.0,0.0,0.0,0.2,0.4000000000000001,0.4,0.48989794855663565,0.4,0.48989794855663565,0.0,0.0,0.0,0.0,0.0,0.0,0.0,0.0,0.0,0.0,0.0,0.0,0.0,0.0,0.0,0.0,0.0,0.0,0.0,0.0
0.0,0.0,0.81,0.1,0.30000000000000004,0.3,0.45825756949558394,0.0,0.0,0.3,0.45825756949558394,0.0,0.0,0.2,0.4000000000000001,0.3,0.45825756949558405,0.3,0.45825756949558394,0.3,0.45825756949558405,0.0,0.0,0.2,0.4000000000000001,0.7,0.6403124237432849,0.8,0.6000000000000001,0.4,0.48989794855663565,0.0,0.0,0.0,0.0,0.2,0.4000000000000001,0.4,0.48989794855663565,0.4,0.48989794855663565,0.0,0.0,0.0,0.0,0.0,0.0,0.0,0.0,0.0,0.0,0.0,0.0,0.0,0.0,0.0,0.0,0.0,0.0,0.0,0.0
0.0,0.0,0.8200000000000001,0.1,0.30000000000000004,0.3,0.45825756949558394,0.0,0.0,0.3,0.45825756949558394,0.0,0.0,0.2,0.4000000000000001,0.3,0.45825756949558405,0.3,0.45825756949558394,0.3,0.45825756949558405,0.0,0.0,0.2,0.4000000000000001,0.7,0.6403124237432849,0.8,0.6000000000000001,0.4,0.48989794855663565,0.0,0.0,0.0,0.0,0.2,0.4000000000000001,0.4,0.48989794855663565,0.4,0.48989794855663565,0.0,0.0,0.0,0.0,0.0,0.0,0.0,0.0,0.0,0.0,0.0,0.0,0.0,0.0,0.0,0.0,0.0,0.0,0.0,0.0
0.0,0.0,0.8300000000000001,0.1,0.30000000000000004,0.3,0.45825756949558394,0.0,0.0,0.3,0.45825756949558394,0.0,0.0,0.2,0.4000000000000001,0.3,0.45825756949558405,0.3,0.45825756949558394,0.3,0.45825756949558405,0.0,0.0,0.2,0.4000000000000001,0.7,0.6403124237432849,0.8,0.6000000000000001,0.4,0.48989794855663565,0.0,0.0,0.0,0.0,0.2,0.4000000000000001,0.4,0.48989794855663565,0.4,0.48989794855663565,0.0,0.0,0.0,0.0,0.0,0.0,0.0,0.0,0.0,0.0,0.0,0.0,0.0,0.0,0.0,0.0,0.0,0.0,0.0,0.0
0.0,0.0,0.84,0.1,0.30000000000000004,0.3,0.45825756949558394,0.0,0.0,0.3,0.45825756949558394,0.0,0.0,0.2,0.4000000000000001,0.3,0.45825756949558405,0.3,0.45825756949558394,0.3,0.45825756949558405,0.0,0.0,0.2,0.4000000000000001,0.7,0.6403124237432849,0.7,0.6403124237432848,0.4,0.48989794855663565,0.0,0.0,0.0,0.0,0.2,0.4000000000000001,0.4,0.48989794855663565,0.4,0.48989794855663565,0.0,0.0,0.0,0.0,0.0,0.0,0.0,0.0,0.0,0.0,0.0,0.0,0.0,0.0,0.0,0.0,0.0,0.0,0.0,0.0
0.0,0.0,0.85,0.1,0.30000000000000004,0.3,0.45825756949558394,0.0,0.0,0.3,0.45825756949558394,0.0,0.0,0.2,0.4000000000000001,0.3,0.45825756949558405,0.3,0.45825756949558394,0.3,0.45825756949558405,0.0,0.0,0.2,0.4000000000000001,0.7,0.6403124237432849,0.7,0.6403124237432848,0.4,0.48989794855663565,0.0,0.0,0.0,0.0,0.2,0.4000000000000001,0.4,0.48989794855663565,0.4,0.48989794855663565,0.0,0.0,0.0,0.0,0.0,0.0,0.0,0.0,0.0,0.0,0.0,0.0,0.0,0.0,0.0,0.0,0.0,0.0,0.0,0.0
0.0,0.0,0.86,0.1,0.30000000000000004,0.3,0.45825756949558394,0.0,0.0,0.3,0.45825756949558394,0.0,0.0,0.2,0.4000000000000001,0.3,0.45825756949558405,0.3,0.45825756949558394,0.3,0.45825756949558405,0.0,0.0,0.2,0.4000000000000001,0.7,0.6403124237432849,0.7,0.6403124237432848,0.4,0.48989794855663565,0.0,0.0,0.0,0.0,0.2,0.4000000000000001,0.4,0.48989794855663565,0.4,0.48989794855663565,0.0,0.0,0.0,0.0,0.0,0.0,0.0,0.0,0.0,0.0,0.0,0.0,0.0,0.0,0.0,0.0,0.0,0.0,0.0,0.0
0.0,0.0,0.87,0.1,0.30000000000000004,0.3,0.45825756949558394,0.0,0.0,0.3,0.45825756949558394,0.0,0.0,0.2,0.4000000000000001,0.3,0.45825756949558405,0.3,0.45825756949558394,0.3,0.45825756949558405,0.0,0.0,0.2,0.4000000000000001,0.7,0.6403124237432849,0.7,0.6403124237432848,0.4,0.48989794855663565,0.0,0.0,0.0,0.0,0.2,0.4000000000000001,0.4,0.48989794855663565,0.4,0.48989794855663565,0.0,0.0,0.0,0.0,0.0,0.0,0.0,0.0,0.0,0.0,0.0,0.0,0.0,0.0,0.0,0.0,0.0,0.0,0.0,0.0
0.0,0.0,0.88,0.1,0.30000000000000004,0.3,0.45825756949558394,0.0,0.0,0.3,0.45825756949558394,0.0,0.0,0.2,0.4000000000000001,0.3,0.45825756949558405,0.3,0.45825756949558394,0.3,0.45825756949558405,0.0,0.0,0.2,0.4000000000000001,0.7,0.6403124237432849,0.7,0.6403124237432848,0.4,0.48989794855663565,0.0,0.0,0.0,0.0,0.2,0.4000000000000001,0.4,0.48989794855663565,0.4,0.48989794855663565,0.0,0.0,0.0,0.0,0.0,0.0,0.0,0.0,0.0,0.0,0.0,0.0,0.0,0.0,0.0,0.0,0.0,0.0,0.0,0.0
0.0,0.0,0.89,0.1,0.30000000000000004,0.3,0.45825756949558394,0.0,0.0,0.3,0.45825756949558394,0.0,0.0,0.2,0.4000000000000001,0.3,0.45825756949558405,0.3,0.45825756949558394,0.3,0.45825756949558405,0.0,0.0,0.2,0.4000000000000001,0.7,0.6403124237432849,0.7,0.6403124237432848,0.4,0.48989794855663565,0.0,0.0,0.0,0.0,0.2,0.4000000000000001,0.4,0.48989794855663565,0.4,0.48989794855663565,0.0,0.0,0.0,0.0,0.0,0.0,0.0,0.0,0.0,0.0,0.0,0.0,0.0,0.0,0.0,0.0,0.0,0.0,0.0,0.0
0.0,0.0,0.9,0.1,0.30000000000000004,0.3,0.45825756949558394,0.0,0.0,0.3,0.45825756949558394,0.0,0.0,0.2,0.4000000000000001,0.3,0.45825756949558405,0.3,0.45825756949558394,0.3,0.45825756949558405,0.0,0.0,0.2,0.4000000000000001,0.7,0.6403124237432849,0.7,0.6403124237432848,0.3,0.45825756949558405,0.0,0.0,0.0,0.0,0.2,0.4000000000000001,0.4,0.48989794855663565,0.4,0.48989794855663565,0.0,0.0,0.0,0.0,0.0,0.0,0.0,0.0,0.0,0.0,0.0,0.0,0.0,0.0,0.0,0.0,0.0,0.0,0.0,0.0
0.0,0.0,0.91,0.1,0.30000000000000004,0.3,0.45825756949558394,0.0,0.0,0.3,0.45825756949558394,0.0,0.0,0.2,0.4000000000000001,0.3,0.45825756949558405,0.3,0.45825756949558394,0.3,0.45825756949558405,0.0,0.0,0.2,0.4000000000000001,0.7,0.6403124237432849,0.7,0.6403124237432848,0.3,0.45825756949558405,0.0,0.0,0.0,0.0,0.2,0.4000000000000001,0.4,0.48989794855663565,0.4,0.48989794855663565,0.0,0.0,0.0,0.0,0.0,0.0,0.0,0.0,0.0,0.0,0.0,0.0,0.0,0.0,0.0,0.0,0.0,0.0,0.0,0.0
0.0,0.0,0.92,0.1,0.30000000000000004,0.3,0.45825756949558394,0.0,0.0,0.3,0.45825756949558394,0.0,0.0,0.2,0.4000000000000001,0.3,0.45825756949558405,0.3,0.45825756949558394,0.3,0.45825756949558405,0.0,0.0,0.2,0.4000000000000001,0.7,0.6403124237432849,0.7,0.6403124237432848,0.3,0.45825756949558405,0.0,0.0,0.0,0.0,0.2,0.4000000000000001,0.4,0.48989794855663565,0.4,0.48989794855663565,0.0,0.0,0.0,0.0,0.0,0.0,0.0,0.0,0.0,0.0,0.0,0.0,0.0,0.0,0.0,0.0,0.0,0.0,0.0,0.0
0.0,0.0,0.93,0.1,0.30000000000000004,0.3,0.45825756949558394,0.0,0.0,0.3,0.45825756949558394,0.0,0.0,0.1,0.30000000000000004,0.3,0.45825756949558405,0.3,0.45825756949558394,0.3,0.45825756949558405,0.0,0.0,0.2,0.4000000000000001,0.7,0.6403124237432849,0.7,0.6403124237432848,0.3,0.45825756949558405,0.0,0.0,0.0,0.0,0.2,0.4000000000000001,0.4,0.48989794855663565,0.4,0.48989794855663565,0.0,0.0,0.0,0.0,0.0,0.0,0.0,0.0,0.0,0.0,0.0,0.0,0.0,0.0,0.0,0.0,0.0,0.0,0.0,0.0
0.0,0.0,0.9400000000000001,0.1,0.30000000000000004,0.3,0.45825756949558394,0.0,0.0,0.3,0.45825756949558394,0.0,0.0,0.1,0.30000000000000004,0.3,0.45825756949558405,0.3,0.45825756949558394,0.3,0.45825756949558405,0.0,0.0,0.2,0.4000000000000001,0.7,0.6403124237432849,0.7,0.6403124237432848,0.3,0.45825756949558405,0.0,0.0,0.0,0.0,0.2,0.4000000000000001,0.4,0.48989794855663565,0.4,0.48989794855663565,0.0,0.0,0.0,0.0,0.0,0.0,0.0,0.0,0.0,0.0,0.0,0.0,0.0,0.0,0.0,0.0,0.0,0.0,0.0,0.0
0.0,0.0,0.9500000000000001,0.0,0.0,0.3,0.45825756949558394,0.0,0.0,0.3,0.45825756949558394,0.0,0.0,0.1,0.30000000000000004,0.3,0.45825756949558405,0.3,0.45825756949558394,0.3,0.45825756949558405,0.0,0.0,0.2,0.4000000000000001,0.7,0.6403124237432849,0.7,0.6403124237432848,0.3,0.45825756949558405,0.0,0.0,0.0,0.0,0.2,0.4000000000000001,0.4,0.48989794855663565,0.4,0.48989794855663565,0.0,0.0,0.0,0.0,0.0,0.0,0.0,0.0,0.0,0.0,0.0,0.0,0.0,0.0,0.0,0.0,0.0,0.0,0.0,0.0
0.0,0.0,0.96,0.0,0.0,0.3,0.45825756949558394,0.0,0.0,0.3,0.45825756949558394,0.0,0.0,0.1,0.30000000000000004,0.3,0.45825756949558405,0.3,0.45825756949558394,0.3,0.45825756949558405,0.0,0.0,0.2,0.4000000000000001,0.7,0.6403124237432849,0.7,0.6403124237432848,0.3,0.45825756949558405,0.0,0.0,0.0,0.0,0.2,0.4000000000000001,0.4,0.48989794855663565,0.4,0.48989794855663565,0.0,0.0,0.0,0.0,0.0,0.0,0.0,0.0,0.0,0.0,0.0,0.0,0.0,0.0,0.0,0.0,0.0,0.0,0.0,0.0
0.0,0.0,0.97,0.0,0.0,0.3,0.45825756949558394,0.0,0.0,0.3,0.45825756949558394,0.0,0.0,0.1,0.30000000000000004,0.3,0.45825756949558405,0.3,0.45825756949558394,0.3,0.45825756949558405,0.0,0.0,0.2,0.4000000000000001,0.7,0.6403124237432849,0.7,0.6403124237432848,0.3,0.45825756949558405,0.0,0.0,0.0,0.0,0.2,0.4000000000000001,0.4,0.48989794855663565,0.4,0.48989794855663565,0.0,0.0,0.0,0.0,0.0,0.0,0.0,0.0,0.0,0.0,0.0,0.0,0.0,0.0,0.0,0.0,0.0,0.0,0.0,0.0
0.0,0.0,0.98,0.0,0.0,0.3,0.45825756949558394,0.0,0.0,0.2,0.4,0.0,0.0,0.1,0.30000000000000004,0.3,0.45825756949558405,0.3,0.45825756949558394,0.3,0.45825756949558405,0.0,0.0,0.2,0.4000000000000001,0.6,0.66332495807108,0.7,0.6403124237432848,0.3,0.45825756949558405,0.0,0.0,0.0,0.0,0.2,0.4000000000000001,0.4,0.48989794855663565,0.4,0.48989794855663565,0.0,0.0,0.0,0.0,0.0,0.0,0.0,0.0,0.0,0.0,0.0,0.0,0.0,0.0,0.0,0.0,0.0,0.0,0.0,0.0
0.0,0.0,0.99,0.0,0.0,0.3,0.45825756949558394,0.0,0.0,0.2,0.4,0.0,0.0,0.1,0.30000000000000004,0.3,0.45825756949558405,0.3,0.45825756949558394,0.3,0.45825756949558405,0.0,0.0,0.2,0.4000000000000001,0.6,0.66332495807108,0.7,0.6403124237432848,0.3,0.45825756949558405,0.0,0.0,0.0,0.0,0.2,0.4000000000000001,0.4,0.48989794855663565,0.4,0.48989794855663565,0.0,0.0,0.0,0.0,0.0,0.0,0.0,0.0,0.0,0.0,0.0,0.0,0.0,0.0,0.0,0.0,0.0,0.0,0.0,0.0
0.0,0.0,1.0,0.0,0.0,0.2,0.4,0.0,0.0,0.2,0.4,0.0,0.0,0.1,0.30000000000000004,0.3,0.45825756949558405,0.3,0.45825756949558394,0.3,0.45825756949558405,0.0,0.0,0.2,0.4000000000000001,0.6,0.66332495807108,0.7,0.6403124237432848,0.3,0.45825756949558405,0.0,0.0,0.0,0.0,0.1,0.30000000000000004,0.4,0.48989794855663565,0.4,0.48989794855663565,0.0,0.0,0.0,0.0,0.0,0.0,0.0,0.0,0.0,0.0,0.0,0.0,0.0,0.0,0.0,0.0,0.0,0.0,0.0,0.0
0.0,0.0,1.01,0.0,0.0,0.2,0.4,0.0,0.0,0.2,0.4,0.0,0.0,0.1,0.30000000000000004,0.3,0.45825756949558405,0.3,0.45825756949558394,0.3,0.45825756949558405,0.0,0.0,0.2,0.4000000000000001,0.6,0.66332495807108,0.7,0.6403124237432848,0.3,0.45825756949558405,0.0,0.0,0.0,0.0,0.1,0.30000000000000004,0.4,0.48989794855663565,0.4,0.48989794855663565,0.0,0.0,0.0,0.0,0.0,0.0,0.0,0.0,0.0,0.0,0.0,0.0,0.0,0.0,0.0,0.0,0.0,0.0,0.0,0.0
0.0,0.0,1.02,0.0,0.0,0.2,0.4,0.0,0.0,0.2,0.4,0.0,0.0,0.1,0.30000000000000004,0.3,0.45825756949558405,0.3,0.45825756949558394,0.3,0.45825756949558405,0.0,0.0,0.2,0.4000000000000001,0.6,0.66332495807108,0.7,0.6403124237432848,0.3,0.45825756949558405,0.0,0.0,0.0,0.0,0.1,0.30000000000000004,0.4,0.48989794855663565,0.4,0.48989794855663565,0.0,0.0,0.0,0.0,0.0,0.0,0.0,0.0,0.0,0.0,0.0,0.0,0.0,0.0,0.0,0.0,0.0,0.0,0.0,0.0
0.0,0.0,1.03,0.0,0.0,0.2,0.4,0.0,0.0,0.2,0.4,0.0,0.0,0.1,0.30000000000000004,0.3,0.45825756949558405,0.3,0.45825756949558394,0.3,0.45825756949558405,0.0,0.0,0.2,0.4000000000000001,0.5,0.5,0.7,0.6403124237432848,0.3,0.45825756949558405,0.0,0.0,0.0,0.0,0.1,0.30000000000000004,0.4,0.48989794855663565,0.4,0.48989794855663565,0.0,0.0,0.0,0.0,0.0,0.0,0.0,0.0,0.0,0.0,0.0,0.0,0.0,0.0,0.0,0.0,0.0,0.0,0.0,0.0
0.0,0.0,1.04,0.0,0.0,0.2,0.4,0.0,0.0,0.2,0.4,0.0,0.0,0.1,0.30000000000000004,0.3,0.45825756949558405,0.3,0.45825756949558394,0.3,0.45825756949558405,0.0,0.0,0.2,0.4000000000000001,0.5,0.5,0.7,0.6403124237432848,0.3,0.45825756949558405,0.0,0.0,0.0,0.0,0.1,0.30000000000000004,0.4,0.48989794855663565,0.4,0.48989794855663565,0.0,0.0,0.0,0.0,0.0,0.0,0.0,0.0,0.0,0.0,0.0,0.0,0.0,0.0,0.0,0.0,0.0,0.0,0.0,0.0
0.0,0.0,1.05,0.0,0.0,0.2,0.4,0.0,0.0,0.2,0.4,0.0,0.0,0.1,0.30000000000000004,0.3,0.45825756949558405,0.3,0.45825756949558394,0.3,0.45825756949558405,0.0,0.0,0.2,0.4000000000000001,0.5,0.5,0.7,0.6403124237432848,0.3,0.45825756949558405,0.0,0.0,0.0,0.0,0.1,0.30000000000000004,0.3,0.45825756949558405,0.4,0.48989794855663565,0.0,0.0,0.0,0.0,0.0,0.0,0.0,0.0,0.0,0.0,0.0,0.0,0.0,0.0,0.0,0.0,0.0,0.0,0.0,0.0
0.0,0.0,1.06,0.0,0.0,0.2,0.4,0.0,0.0,0.2,0.4,0.0,0.0,0.1,0.30000000000000004,0.3,0.45825756949558405,0.3,0.45825756949558394,0.3,0.45825756949558405,0.0,0.0,0.2,0.4000000000000001,0.5,0.5,0.7,0.6403124237432848,0.3,0.45825756949558405,0.0,0.0,0.0,0.0,0.1,0.30000000000000004,0.3,0.45825756949558405,0.4,0.48989794855663565,0.0,0.0,0.0,0.0,0.0,0.0,0.0,0.0,0.0,0.0,0.0,0.0,0.0,0.0,0.0,0.0,0.0,0.0,0.0,0.0
0.0,0.0,1.07,0.0,0.0,0.2,0.4,0.0,0.0,0.2,0.4,0.0,0.0,0.1,0.30000000000000004,0.3,0.45825756949558405,0.3,0.45825756949558394,0.3,0.45825756949558405,0.0,0.0,0.2,0.4000000000000001,0.5,0.5,0.7,0.6403124237432848,0.3,0.45825756949558405,0.0,0.0,0.0,0.0,0.1,0.30000000000000004,0.3,0.45825756949558405,0.4,0.48989794855663565,0.0,0.0,0.0,0.0,0.0,0.0,0.0,0.0,0.0,0.0,0.0,0.0,0.0,0.0,0.0,0.0,0.0,0.0,0.0,0.0
0.0,0.0,1.08,0.0,0.0,0.1,0.30000000000000004,0.0,0.0,0.2,0.4,0.0,0.0,0.1,0.30000000000000004,0.3,0.45825756949558405,0.3,0.45825756949558394,0.3,0.45825756949558405,0.0,0.0,0.2,0.4000000000000001,0.5,0.5,0.7,0.6403124237432848,0.3,0.45825756949558405,0.0,0.0,0.0,0.0,0.1,0.30000000000000004,0.3,0.45825756949558405,0.4,0.48989794855663565,0.0,0.0,0.0,0.0,0.0,0.0,0.0,0.0,0.0,0.0,0.0,0.0,0.0,0.0,0.0,0.0,0.0,0.0,0.0,0.0
0.0,0.0,1.09,0.0,0.0,0.1,0.30000000000000004,0.0,0.0,0.2,0.4,0.0,0.0,0.1,0.30000000000000004,0.3,0.45825756949558405,0.3,0.45825756949558394,0.3,0.45825756949558405,0.0,0.0,0.2,0.4000000000000001,0.5,0.5,0.7,0.6403124237432848,0.3,0.45825756949558405,0.0,0.0,0.0,0.0,0.1,0.30000000000000004,0.3,0.45825756949558405,0.4,0.48989794855663565,0.0,0.0,0.0,0.0,0.0,0.0,0.0,0.0,0.0,0.0,0.0,0.0,0.0,0.0,0.0,0.0,0.0,0.0,0.0,0.0
0.0,0.0,1.1,0.0,0.0,0.1,0.30000000000000004,0.0,0.0,0.2,0.4,0.0,0.0,0.1,0.30000000000000004,0.3,0.45825756949558405,0.3,0.45825756949558394,0.3,0.45825756949558405,0.0,0.0,0.2,0.4000000000000001,0.5,0.5,0.6,0.66332495807108,0.3,0.45825756949558405,0.0,0.0,0.0,0.0,0.1,0.30000000000000004,0.3,0.45825756949558405,0.4,0.48989794855663565,0.0,0.0,0.0,0.0,0.0,0.0,0.0,0.0,0.0,0.0,0.0,0.0,0.0,0.0,0.0,0.0,0.0,0.0,0.0,0.0
0.0,0.0,1.11,0.0,0.0,0.1,0.30000000000000004,0.0,0.0,0.2,0.4,0.0,0.0,0.1,0.30000000000000004,0.3,0.45825756949558405,0.3,0.45825756949558394,0.3,0.45825756949558405,0.0,0.0,0.2,0.4000000000000001,0.5,0.5,0.6,0.66332495807108,0.3,0.45825756949558405,0.0,0.0,0.0,0.0,0.1,0.30000000000000004,0.3,0.45825756949558405,0.4,0.48989794855663565,0.0,0.0,0.0,0.0,0.0,0.0,0.0,0.0,0.0,0.0,0.0,0.0,0.0,0.0,0.0,0.0,0.0,0.0,0.0,0.0
0.0,0.0,1.12,0.0,0.0,0.1,0.30000000000000004,0.0,0.0,0.2,0.4,0.0,0.0,0.1,0.30000000000000004,0.3,0.45825756949558405,0.2,0.4000000000000001,0.3,0.45825756949558405,0.0,0.0,0.2,0.4000000000000001,0.5,0.5,0.6,0.66332495807108,0.3,0.45825756949558405,0.0,0.0,0.0,0.0,0.1,0.30000000000000004,0.3,0.45825756949558405,0.4,0.48989794855663565,0.0,0.0,0.0,0.0,0.0,0.0,0.0,0.0,0.0,0.0,0.0,0.0,0.0,0.0,0.0,0.0,0.0,0.0,0.0,0.0
0.0,0.0,1.1300000000000001,0.0,0.0,0.1,0.30000000000000004,0.0,0.0,0.2,0.4,0.0,0.0,0.1,0.30000000000000004,0.3,0.45825756949558405,0.2,0.4000000000000001,0.3,0.45825756949558405,0.0,0.0,0.2,0.4000000000000001,0.5,0.5,0.6,0.66332495807108,0.3,0.45825756949558405,0.0,0.0,0.0,0.0,0.1,0.30000000000000004,0.3,0.45825756949558405,0.4,0.48989794855663565,0.0,0.0,0.0,0.0,0.0,0.0,0.0,0.0,0.0,0.0,0.0,0.0,0.0,0.0,0.0,0.0,0.0,0.0,0.0,0.0
0.0,0.0,1.1400000000000001,0.0,0.0,0.1,0.30000000000000004,0.0,0.0,0.2,0.4,0.0,0.0,0.1,0.30000000000000004,0.3,0.45825756949558405,0.2,0.4000000000000001,0.3,0.45825756949558405,0.0,0.0,0.2,0.4000000000000001,0.5,0.5,0.6,0.66332495807108,0.3,0.45825756949558405,0.0,0.0,0.0,0.0,0.1,0.30000000000000004,0.3,0.45825756949558405,0.4,0.48989794855663565,0.0,0.0,0.0,0.0,0.0,0.0,0.0,0.0,0.0,0.0,0.0,0.0,0.0,0.0,0.0,0.0,0.0,0.0,0.0,0.0
0.0,0.0,1.1500000000000001,0.0,0.0,0.1,0.30000000000000004,0.0,0.0,0.2,0.4,0.0,0.0,0.1,0.30000000000000004,0.3,0.45825756949558405,0.2,0.4000000000000001,0.3,0.45825756949558405,0.0,0.0,0.2,0.4000000000000001,0.5,0.5,0.6,0.66332495807108,0.3,0.45825756949558405,0.0,0.0,0.0,0.0,0.1,0.30000000000000004,0.3,0.45825756949558405,0.4,0.48989794855663565,0.0,0.0,0.0,0.0,0.0,0.0,0.0,0.0,0.0,0.0,0.0,0.0,0.0,0.0,0.0,0.0,0.0,0.0,0.0,0.0
0.0,0.0,1.16,0.0,0.0,0.1,0.30000000000000004,0.0,0.0,0.2,0.4,0.0,0.0,0.1,0.30000000000000004,0.3,0.45825756949558405,0.2,0.4000000000000001,0.3,0.45825756949558405,0.0,0.0,0.2,0.4000000000000001,0.5,0.5,0.6,0.66332495807108,0.3,0.45825756949558405,0.0,0.0,0.0,0.0,0.1,0.30000000000000004,0.3,0.45825756949558405,0.4,0.48989794855663565,0.0,0.0,0.0,0.0,0.0,0.0,0.0,0.0,0.0,0.0,0.0,0.0,0.0,0.0,0.0,0.0,0.0,0.0,0.0,0.0
0.0,0.0,1.17,0.0,0.0,0.1,0.30000000000000004,0.0,0.0,0.2,0.4,0.0,0.0,0.1,0.30000000000000004,0.2,0.4000000000000001,0.2,0.4000000000000001,0.3,0.45825756949558405,0.0,0.0,0.2,0.4000000000000001,0.5,0.5,0.6,0.66332495807108,0.3,0.45825756949558405,0.0,0.0,0.0,0.0,0.1,0.30000000000000004,0.3,0.45825756949558405,0.4,0.48989794855663565,0.0,0.0,0.0,0.0,0.0,0.0,0.0,0.0,0.0,0.0,0.0,0.0,0.0,0.0,0.0,0.0,0.0,0.0,0.0,0.0
0.0,0.0,1.18,0.0,0.0,0.1,0.30000000000000004,0.0,0.0,0.1,0.30000000000000004,0.0,0.0,0.1,0.30000000000000004,0.2,0.4000000000000001,0.2,0.4000000000000001,0.3,0.45825756949558405,0.0,0.0,0.2,0.4000000000000001,0.4,0.48989794855663565,0.6,0.66332495807108,0.3,0.45825756949558405,0.0,0.0,0.0,0.0,0.1,0.30000000000000004,0.3,0.45825756949558405,0.4,0.48989794855663565,0.0,0.0,0.0,0.0,0.0,0.0,0.0,0.0,0.0,0.0,0.0,0.0,0.0,0.0,0.0,0.0,0.0,0.0,0.0,0.0
0.0,0.0,1.19,0.0,0.0,0.1,0.30000000000000004,0.0,0.0,0.1,0.30000000000000004,0.0,0.0,0.1,0.30000000000000004,0.2,0.4000000000000001,0.2,0.4000000000000001,0.3,0.45825756949558405,0.0,0.0,0.2,0.4000000000000001,0.4,0.48989794855663565,0.6,0.66332495807108,0.3,0.45825756949558405,0.0,0.0,0.0,0.0,0.1,0.30000000000000004,0.3,0.45825756949558405,0.4,0.48989794855663565,0.0,0.0,0.0,0.0,0.0,0.0,0.0,0.0,0.0,0.0,0.0,0.0,0.0,0.0,0.0,0.0,0.0,0.0,0.0,0.0
0.0,0.0,1.2,0.0,0.0,0.1,0.30000000000000004,0.0,0.0,0.1,0.30000000000000004,0.0,0.0,0.1,0.30000000000000004,0.2,0.4000000000000001,0.2,0.4000000000000001,0.3,0.45825756949558405,0.0,0.0,0.1,0.30000000000000004,0.4,0.48989794855663565,0.6,0.66332495807108,0.3,0.45825756949558405,0.0,0.0,0.0,0.0,0.1,0.30000000000000004,0.3,0.45825756949558405,0.4,0.48989794855663565,0.0,0.0,0.0,0.0,0.0,0.0,0.0,0.0,0.0,0.0,0.0,0.0,0.0,0.0,0.0,0.0,0.0,0.0,0.0,0.0
0.0,0.0,1.21,0.0,0.0,0.1,0.30000000000000004,0.0,0.0,0.1,0.30000000000000004,0.0,0.0,0.1,0.30000000000000004,0.2,0.4000000000000001,0.2,0.4000000000000001,0.3,0.45825756949558405,0.0,0.0,0.1,0.30000000000000004,0.3,0.45825756949558394,0.6,0.66332495807108,0.3,0.45825756949558405,0.0,0.0,0.0,0.0,0.1,0.30000000000000004,0.3,0.45825756949558405,0.4,0.48989794855663565,0.0,0.0,0.0,0.0,0.0,0.0,0.0,0.0,0.0,0.0,0.0,0.0,0.0,0.0,0.0,0.0,0.0,0.0,0.0,0.0
0.0,0.0,1.22,0.0,0.0,0.1,0.30000000000000004,0.0,0.0,0.1,0.30000000000000004,0.0,0.0,0.1,0.30000000000000004,0.2,0.4000000000000001,0.1,0.30000000000000004,0.2,0.4000000000000001,0.0,0.0,0.1,0.30000000000000004,0.3,0.45825756949558394,0.6,0.66332495807108,0.3,0.45825756949558405,0.0,0.0,0.0,0.0,0.1,0.30000000000000004,0.3,0.45825756949558405,0.4,0.48989794855663565,0.0,0.0,0.0,0.0,0.0,0.0,0.0,0.0,0.0,0.0,0.0,0.0,0.0,0.0,0.0,0.0,0.0,0.0,0.0,0.0
0.0,0.0,1.23,0.0,0.0,0.1,0.30000000000000004,0.0,0.0,0.1,0.30000000000000004,0.0,0.0,0.0,0.0,0.2,0.4000000000000001,0.1,0.30000000000000004,0.2,0.4000000000000001,0.0,0.0,0.1,0.30000000000000004,0.3,0.45825756949558394,0.6,0.66332495807108,0.3,0.45825756949558405,0.0,0.0,0.0,0.0,0.1,0.30000000000000004,0.3,0.45825756949558405,0.4,0.48989794855663565,0.0,0.0,0.0,0.0,0.0,0.0,0.0,0.0,0.0,0.0,0.0,0.0,0.0,0.0,0.0,0.0,0.0,0.0,0.0,0.0
0.0,0.0,1.24,0.0,0.0,0.1,0.30000000000000004,0.0,0.0,0.0,0.0,0.0,0.0,0.0,0.0,0.2,0.4000000000000001,0.1,0.30000000000000004,0.2,0.4000000000000001,0.0,0.0,0.1,0.30000000000000004,0.3,0.45825756949558394,0.6,0.66332495807108,0.3,0.45825756949558405,0.0,0.0,0.0,0.0,0.1,0.30000000000000004,0.3,0.45825756949558405,0.4,0.48989794855663565,0.0,0.0,0.0,0.0,0.0,0.0,0.0,0.0,0.0,0.0,0.0,0.0,0.0,0.0,0.0,0.0,0.0,0.0,0.0,0.0
0.0,0.0,1.25,0.0,0.0,0.1,0.30000000000000004,0.0,0.0,0.0,0.0,0.0,0.0,0.0,0.0,0.2,0.4000000000000001,0.1,0.30000000000000004,0.2,0.4000000000000001,0.0,0.0,0.1,0.30000000000000004,0.3,0.45825756949558394,0.6,0.66332495807108,0.3,0.45825756949558405,0.0,0.0,0.0,0.0,0.1,0.30000000000000004,0.3,0.45825756949558405,0.4,0.48989794855663565,0.0,0.0,0.0,0.0,0.0,0.0,0.0,0.0,0.0,0.0,0.0,0.0,0.0,0.0,0.0,0.0,0.0,0.0,0.0,0.0
0.0,0.0,1.26,0.0,0.0,0.1,0.30000000000000004,0.0,0.0,0.0,0.0,0.0,0.0,0.0,0.0,0.2,0.4000000000000001,0.1,0.30000000000000004,0.2,0.4000000000000001,0.0,0.0,0.1,0.30000000000000004,0.3,0.45825756949558394,0.6,0.66332495807108,0.3,0.45825756949558405,0.0,0.0,0.0,0.0,0.1,0.30000000000000004,0.3,0.45825756949558405,0.4,0.48989794855663565,0.0,0.0,0.0,0.0,0.0,0.0,0.0,0.0,0.0,0.0,0.0,0.0,0.0,0.0,0.0,0.0,0.0,0.0,0.0,0.0
0.0,0.0,1.27,0.0,0.0,0.1,0.30000000000000004,0.0,0.0,0.0,0.0,0.0,0.0,0.0,0.0,0.2,0.4000000000000001,0.1,0.30000000000000004,0.2,0.4000000000000001,0.0,0.0,0.1,0.30000000000000004,0.3,0.45825756949558394,0.6,0.66332495807108,0.3,0.45825756949558405,0.0,0.0,0.0,0.0,0.1,0.30000000000000004,0.3,0.45825756949558405,0.4,0.48989794855663565,0.0,0.0,0.0,0.0,0.0,0.0,0.0,0.0,0.0,0.0,0.0,0.0,0.0,0.0,0.0,0.0,0.0,0.0,0.0,0.0
0.0,0.0,1.28,0.0,0.0,0.1,0.30000000000000004,0.0,0.0,0.0,0.0,0.0,0.0,0.0,0.0,0.2,0.4000000000000001,0.1,0.30000000000000004,0.2,0.4000000000000001,0.0,0.0,0.1,0.30000000000000004,0.3,0.45825756949558394,0.6,0.66332495807108,0.3,0.45825756949558405,0.0,0.0,0.0,0.0,0.1,0.30000000000000004,0.3,0.45825756949558405,0.4,0.48989794855663565,0.0,0.0,0.0,0.0,0.0,0.0,0.0,0.0,0.0,0.0,0.0,0.0,0.0,0.0,0.0,0.0,0.0,0.0,0.0,0.0
0.0,0.0,1.29,0.0,0.0,0.1,0.30000000000000004,0.0,0.0,0.0,0.0,0.0,0.0,0.0,0.0,0.2,0.4000000000000001,0.1,0.30000000000000004,0.2,0.4000000000000001,0.0,0.0,0.1,0.30000000000000004,0.3,0.45825756949558394,0.6,0.66332495807108,0.3,0.45825756949558405,0.0,0.0,0.0,0.0,0.1,0.30000000000000004,0.3,0.45825756949558405,0.4,0.48989794855663565,0.0,0.0,0.0,0.0,0.0,0.0,0.0,0.0,0.0,0.0,0.0,0.0,0.0,0.0,0.0,0.0,0.0,0.0,0.0,0.0
0.0,0.0,1.3,0.0,0.0,0.1,0.30000000000000004,0.0,0.0,0.0,0.0,0.0,0.0,0.0,0.0,0.1,0.30000000000000004,0.1,0.30000000000000004,0.1,0.30000000000000004,0.0,0.0,0.1,0.30000000000000004,0.3,0.45825756949558394,0.5,0.5,0.3,0.45825756949558405,0.0,0.0,0.0,0.0,0.1,0.30000000000000004,0.3,0.45825756949558405,0.4,0.48989794855663565,0.0,0.0,0.0,0.0,0.0,0.0,0.0,0.0,0.0,0.0,0.0,0.0,0.0,0.0,0.0,0.0,0.0,0.0,0.0,0.0
0.0,0.0,1.31,0.0,0.0,0.1,0.30000000000000004,0.0,0.0,0.0,0.0,0.0,0.0,0.0,0.0,0.1,0.30000000000000004,0.1,0.30000000000000004,0.1,0.30000000000000004,0.0,0.0,0.1,0.30000000000000004,0.3,0.45825756949558394,0.5,0.5,0.3,0.45825756949558405,0.0,0.0,0.0,0.0,0.1,0.30000000000000004,0.3,0.45825756949558405,0.4,0.48989794855663565,0.0,0.0,0.0,0.0,0.0,0.0,0.0,0.0,0.0,0.0,0.0,0.0,0.0,0.0,0.0,0.0,0.0,0.0,0.0,0.0
0.0,0.0,1.32,0.0,0.0,0.1,0.30000000000000004,0.0,0.0,0.0,0.0,0.0,0.0,0.0,0.0,0.1,0.30000000000000004,0.1,0.30000000000000004,0.1,0.30000000000000004,0.0,0.0,0.1,0.30000000000000004,0.3,0.45825756949558394,0.5,0.5,0.3,0.45825756949558405,0.0,0.0,0.0,0.0,0.1,0.30000000000000004,0.3,0.45825756949558405,0.4,0.48989794855663565,0.0,0.0,0.0,0.0,0.0,0.0,0.0,0.0,0.0,0.0,0.0,0.0,0.0,0.0,0.0,0.0,0.0,0.0,0.0,0.0
0.0,0.0,1.33,0.0,0.0,0.1,0.30000000000000004,0.0,0.0,0.0,0.0,0.0,0.0,0.0,0.0,0.1,0.30000000000000004,0.1,0.30000000000000004,0.1,0.30000000000000004,0.0,0.0,0.1,0.30000000000000004,0.3,0.45825756949558394,0.5,0.5,0.3,0.45825756949558405,0.0,0.0,0.0,0.0,0.1,0.30000000000000004,0.3,0.45825756949558405,0.3,0.45825756949558394,0.0,0.0,0.0,0.0,0.0,0.0,0.0,0.0,0.0,0.0,0.0,0.0,0.0,0.0,0.0,0.0,0.0,0.0,0.0,0.0
0.0,0.0,1.34,0.0,0.0,0.1,0.30000000000000004,0.0,0.0,0.0,0.0,0.0,0.0,0.0,0.0,0.1,0.30000000000000004,0.1,0.30000000000000004,0.1,0.30000000000000004,0.0,0.0,0.1,0.30000000000000004,0.3,0.45825756949558394,0.5,0.5,0.3,0.45825756949558405,0.0,0.0,0.0,0.0,0.1,0.30000000000000004,0.3,0.45825756949558405,0.3,0.45825756949558394,0.0,0.0,0.0,0.0,0.0,0.0,0.0,0.0,0.0,0.0,0.0,0.0,0.0,0.0,0.0,0.0,0.0,0.0,0.0,0.0
0.0,0.0,1.35,0.0,0.0,0.1,0.30000000000000004,0.0,0.0,0.0,0.0,0.0,0.0,0.0,0.0,0.0,0.0,0.1,0.30000000000000004,0.1,0.30000000000000004,0.0,0.0,0.1,0.30000000000000004,0.3,0.45825756949558394,0.5,0.5,0.3,0.45825756949558405,0.0,0.0,0.0,0.0,0.1,0.30000000000000004,0.3,0.45825756949558405,0.3,0.45825756949558394,0.0,0.0,0.0,0.0,0.0,0.0,0.0,0.0,0.0,0.0,0.0,0.0,0.0,0.0,0.0,0.0,0.0,0.0,0.0,0.0
0.0,0.0,1.36,0.0,0.0,0.1,0.30000000000000004,0.0,0.0,0.0,0.0,0.0,0.0,0.0,0.0,0.0,0.0,0.1,0.30000000000000004,0.1,0.30000000000000004,0.0,0.0,0.1,0.30000000000000004,0.3,0.45825756949558394,0.5,0.5,0.3,0.45825756949558405,0.0,0.0,0.0,0.0,0.1,0.30000000000000004,0.3,0.45825756949558405,0.3,0.45825756949558394,0.0,0.0,0.0,0.0,0.0,0.0,0.0,0.0,0.0,0.0,0.0,0.0,0.0,0.0,0.0,0.0,0.0,0.0,0.0,0.0
0.0,0.0,1.37,0.0,0.0,0.1,0.30000000000000004,0.0,0.0,0.0,0.0,0.0,0.0,0.0,0.0,0.0,0.0,0.1,0.30000000000000004,0.0,0.0,0.0,0.0,0.1,0.30000000000000004,0.3,0.45825756949558394,0.5,0.5,0.3,0.45825756949558405,0.0,0.0,0.0,0.0,0.1,0.30000000000000004,0.3,0.45825756949558405,0.3,0.45825756949558394,0.0,0.0,0.0,0.0,0.0,0.0,0.0,0.0,0.0,0.0,0.0,0.0,0.0,0.0,0.0,0.0,0.0,0.0,0.0,0.0
0.0,0.0,1.3800000000000001,0.0,0.0,0.1,0.30000000000000004,0.0,0.0,0.0,0.0,0.0,0.0,0.0,0.0,0.0,0.0,0.1,0.30000000000000004,0.0,0.0,0.0,0.0,0.1,0.30000000000000004,0.3,0.45825756949558394,0.5,0.5,0.2,0.4000000000000001,0.0,0.0,0.0,0.0,0.1,0.30000000000000004,0.3,0.45825756949558405,0.3,0.45825756949558394,0.0,0.0,0.0,0.0,0.0,0.0,0.0,0.0,0.0,0.0,0.0,0.0,0.0,0.0,0.0,0.0,0.0,0.0,0.0,0.0
0.0,0.0,1.3900000000000001,0.0,0.0,0.1,0.30000000000000004,0.0,0.0,0.0,0.0,0.0,0.0,0.0,0.0,0.0,0.0,0.1,0.30000000000000004,0.0,0.0,0.0,0.0,0.1,0.30000000000000004,0.3,0.45825756949558394,0.5,0.5,0.1,0.30000000000000004,0.0,0.0,0.0,0.0,0.1,0.30000000000000004,0.3,0.45825756949558405,0.3,0.45825756949558394,0.0,0.0,0.0,0.0,0.0,0.0,0.0,0.0,0.0,0.0,0.0,0.0,0.0,0.0,0.0,0.0,0.0,0.0,0.0,0.0
0.0,0.0,1.4000000000000001,0.0,0.0,0.1,0.30000000000000004,0.0,0.0,0.0,0.0,0.0,0.0,0.0,0.0,0.0,0.0,0.1,0.30000000000000004,0.0,0.0,0.0,0.0,0.1,0.30000000000000004,0.3,0.45825756949558394,0.5,0.5,0.1,0.30000000000000004,0.0,0.0,0.0,0.0,0.1,0.30000000000000004,0.3,0.45825756949558405,0.3,0.45825756949558394,0.0,0.0,0.0,0.0,0.0,0.0,0.0,0.0,0.0,0.0,0.0,0.0,0.0,0.0,0.0,0.0,0.0,0.0,0.0,0.0
0.0,0.0,1.41,0.0,0.0,0.1,0.30000000000000004,0.0,0.0,0.0,0.0,0.0,0.0,0.0,0.0,0.0,0.0,0.1,0.30000000000000004,0.0,0.0,0.0,0.0,0.1,0.30000000000000004,0.3,0.45825756949558394,0.5,0.5,0.1,0.30000000000000004,0.0,0.0,0.0,0.0,0.1,0.30000000000000004,0.3,0.45825756949558405,0.3,0.45825756949558394,0.0,0.0,0.0,0.0,0.0,0.0,0.0,0.0,0.0,0.0,0.0,0.0,0.0,0.0,0.0,0.0,0.0,0.0,0.0,0.0
0.0,0.0,1.42,0.0,0.0,0.1,0.30000000000000004,0.0,0.0,0.0,0.0,0.0,0.0,0.0,0.0,0.0,0.0,0.1,0.30000000000000004,0.0,0.0,0.0,0.0,0.1,0.30000000000000004,0.3,0.45825756949558394,0.5,0.5,0.1,0.30000000000000004,0.0,0.0,0.0,0.0,0.1,0.30000000000000004,0.3,0.45825756949558405,0.3,0.45825756949558394,0.0,0.0,0.0,0.0,0.0,0.0,0.0,0.0,0.0,0.0,0.0,0.0,0.0,0.0,0.0,0.0,0.0,0.0,0.0,0.0
0.0,0.0,1.43,0.0,0.0,0.1,0.30000000000000004,0.0,0.0,0.0,0.0,0.0,0.0,0.0,0.0,0.0,0.0,0.1,0.30000000000000004,0.0,0.0,0.0,0.0,0.1,0.30000000000000004,0.3,0.45825756949558394,0.5,0.5,0.1,0.30000000000000004,0.0,0.0,0.0,0.0,0.1,0.30000000000000004,0.3,0.45825756949558405,0.3,0.45825756949558394,0.0,0.0,0.0,0.0,0.0,0.0,0.0,0.0,0.0,0.0,0.0,0.0,0.0,0.0,0.0,0.0,0.0,0.0,0.0,0.0
0.0,0.0,1.44,0.0,0.0,0.1,0.30000000000000004,0.0,0.0,0.0,0.0,0.0,0.0,0.0,0.0,0.0,0.0,0.1,0.30000000000000004,0.0,0.0,0.0,0.0,0.1,0.30000000000000004,0.3,0.45825756949558394,0.4,0.48989794855663565,0.1,0.30000000000000004,0.0,0.0,0.0,0.0,0.1,0.30000000000000004,0.3,0.45825756949558405,0.3,0.45825756949558394,0.0,0.0,0.0,0.0,0.0,0.0,0.0,0.0,0.0,0.0,0.0,0.0,0.0,0.0,0.0,0.0,0.0,0.0,0.0,0.0
0.0,0.0,1.45,0.0,0.0,0.1,0.30000000000000004,0.0,0.0,0.0,0.0,0.0,0.0,0.0,0.0,0.0,0.0,0.1,0.30000000000000004,0.0,0.0,0.0,0.0,0.1,0.30000000000000004,0.3,0.45825756949558394,0.4,0.48989794855663565,0.1,0.30000000000000004,0.0,0.0,0.0,0.0,0.1,0.30000000000000004,0.3,0.45825756949558405,0.3,0.45825756949558394,0.0,0.0,0.0,0.0,0.0,0.0,0.0,0.0,0.0,0.0,0.0,0.0,0.0,0.0,0.0,0.0,0.0,0.0,0.0,0.0
0.0,0.0,1.46,0.0,0.0,0.1,0.30000000000000004,0.0,0.0,0.0,0.0,0.0,0.0,0.0,0.0,0.0,0.0,0.1,0.30000000000000004,0.0,0.0,0.0,0.0,0.1,0.30000000000000004,0.3,0.45825756949558394,0.4,0.48989794855663565,0.1,0.30000000000000004,0.0,0.0,0.0,0.0,0.1,0.30000000000000004,0.3,0.45825756949558405,0.3,0.45825756949558394,0.0,0.0,0.0,0.0,0.0,0.0,0.0,0.0,0.0,0.0,0.0,0.0,0.0,0.0,0.0,0.0,0.0,0.0,0.0,0.0
0.0,0.0,1.47,0.0,0.0,0.1,0.30000000000000004,0.0,0.0,0.0,0.0,0.0,0.0,0.0,0.0,0.0,0.0,0.1,0.30000000000000004,0.0,0.0,0.0,0.0,0.1,0.30000000000000004,0.3,0.45825756949558394,0.4,0.48989794855663565,0.1,0.30000000000000004,0.0,0.0,0.0,0.0,0.1,0.30000000000000004,0.3,0.45825756949558405,0.3,0.45825756949558394,0.0,0.0,0.0,0.0,0.0,0.0,0.0,0.0,0.0,0.0,0.0,0.0,0.0,0.0,0.0,0.0,0.0,0.0,0.0,0.0
0.0,0.0,1.48,0.0,0.0,0.1,0.30000000000000004,0.0,0.0,0.0,0.0,0.0,0.0,0.0,0.0,0.0,0.0,0.1,0.30000000000000004,0.0,0.0,0.0,0.0,0.1,0.30000000000000004,0.3,0.45825756949558394,0.4,0.48989794855663565,0.1,0.30000000000000004,0.0,0.0,0.0,0.0,0.1,0.30000000000000004,0.3,0.45825756949558405,0.3,0.45825756949558394,0.0,0.0,0.0,0.0,0.0,0.0,0.0,0.0,0.0,0.0,0.0,0.0,0.0,0.0,0.0,0.0,0.0,0.0,0.0,0.0
0.0,0.0,1.49,0.0,0.0,0.1,0.30000000000000004,0.0,0.0,0.0,0.0,0.0,0.0,0.0,0.0,0.0,0.0,0.1,0.30000000000000004,0.0,0.0,0.0,0.0,0.1,0.30000000000000004,0.3,0.45825756949558394,0.4,0.48989794855663565,0.1,0.30000000000000004,0.0,0.0,0.0,0.0,0.1,0.30000000000000004,0.3,0.45825756949558405,0.3,0.45825756949558394,0.0,0.0,0.0,0.0,0.0,0.0,0.0,0.0,0.0,0.0,0.0,0.0,0.0,0.0,0.0,0.0,0.0,0.0,0.0,0.0
0.0,0.0,1.5,0.0,0.0,0.0,0.0,0.0,0.0,0.0,0.0,0.0,0.0,0.0,0.0,0.0,0.0,0.0,0.0,0.0,0.0,0.0,0.0,0.1,0.30000000000000004,0.3,0.45825756949558394,0.4,0.48989794855663565,0.1,0.30000000000000004,0.0,0.0,0.0,0.0,0.1,0.30000000000000004,0.3,0.45825756949558405,0.3,0.45825756949558394,0.0,0.0,0.0,0.0,0.0,0.0,0.0,0.0,0.0,0.0,0.0,0.0,0.0,0.0,0.0,0.0,0.0,0.0,0.0,0.0
0.0,0.0,1.51,0.0,0.0,0.0,0.0,0.0,0.0,0.0,0.0,0.0,0.0,0.0,0.0,0.0,0.0,0.0,0.0,0.0,0.0,0.0,0.0,0.1,0.30000000000000004,0.3,0.45825756949558394,0.4,0.48989794855663565,0.1,0.30000000000000004,0.0,0.0,0.0,0.0,0.1,0.30000000000000004,0.3,0.45825756949558405,0.3,0.45825756949558394,0.0,0.0,0.0,0.0,0.0,0.0,0.0,0.0,0.0,0.0,0.0,0.0,0.0,0.0,0.0,0.0,0.0,0.0,0.0,0.0
0.0,0.0,1.52,0.0,0.0,0.0,0.0,0.0,0.0,0.0,0.0,0.0,0.0,0.0,0.0,0.0,0.0,0.0,0.0,0.0,0.0,0.0,0.0,0.1,0.30000000000000004,0.3,0.45825756949558394,0.4,0.48989794855663565,0.1,0.30000000000000004,0.0,0.0,0.0,0.0,0.1,0.30000000000000004,0.3,0.45825756949558405,0.3,0.45825756949558394,0.0,0.0,0.0,0.0,0.0,0.0,0.0,0.0,0.0,0.0,0.0,0.0,0.0,0.0,0.0,0.0,0.0,0.0,0.0,0.0
0.0,0.0,1.53,0.0,0.0,0.0,0.0,0.0,0.0,0.0,0.0,0.0,0.0,0.0,0.0,0.0,0.0,0.0,0.0,0.0,0.0,0.0,0.0,0.1,0.30000000000000004,0.3,0.45825756949558394,0.4,0.48989794855663565,0.1,0.30000000000000004,0.0,0.0,0.0,0.0,0.1,0.30000000000000004,0.3,0.45825756949558405,0.3,0.45825756949558394,0.0,0.0,0.0,0.0,0.0,0.0,0.0,0.0,0.0,0.0,0.0,0.0,0.0,0.0,0.0,0.0,0.0,0.0,0.0,0.0
0.0,0.0,1.54,0.0,0.0,0.0,0.0,0.0,0.0,0.0,0.0,0.0,0.0,0.0,0.0,0.0,0.0,0.0,0.0,0.0,0.0,0.0,0.0,0.1,0.30000000000000004,0.3,0.45825756949558394,0.4,0.48989794855663565,0.1,0.30000000000000004,0.0,0.0,0.0,0.0,0.1,0.30000000000000004,0.3,0.45825756949558405,0.3,0.45825756949558394,0.0,0.0,0.0,0.0,0.0,0.0,0.0,0.0,0.0,0.0,0.0,0.0,0.0,0.0,0.0,0.0,0.0,0.0,0.0,0.0
0.0,0.0,1.55,0.0,0.0,0.0,0.0,0.0,0.0,0.0,0.0,0.0,0.0,0.0,0.0,0.0,0.0,0.0,0.0,0.0,0.0,0.0,0.0,0.1,0.30000000000000004,0.3,0.45825756949558394,0.4,0.48989794855663565,0.1,0.30000000000000004,0.0,0.0,0.0,0.0,0.1,0.30000000000000004,0.3,0.45825756949558405,0.3,0.45825756949558394,0.0,0.0,0.0,0.0,0.0,0.0,0.0,0.0,0.0,0.0,0.0,0.0,0.0,0.0,0.0,0.0,0.0,0.0,0.0,0.0
0.0,0.0,1.56,0.0,0.0,0.0,0.0,0.0,0.0,0.0,0.0,0.0,0.0,0.0,0.0,0.0,0.0,0.0,0.0,0.0,0.0,0.0,0.0,0.1,0.30000000000000004,0.3,0.45825756949558394,0.4,0.48989794855663565,0.1,0.30000000000000004,0.0,0.0,0.0,0.0,0.1,0.30000000000000004,0.3,0.45825756949558405,0.3,0.45825756949558394,0.0,0.0,0.0,0.0,0.0,0.0,0.0,0.0,0.0,0.0,0.0,0.0,0.0,0.0,0.0,0.0,0.0,0.0,0.0,0.0
0.0,0.0,1.57,0.0,0.0,0.0,0.0,0.0,0.0,0.0,0.0,0.0,0.0,0.0,0.0,0.0,0.0,0.0,0.0,0.0,0.0,0.0,0.0,0.1,0.30000000000000004,0.3,0.45825756949558394,0.4,0.48989794855663565,0.1,0.30000000000000004,0.0,0.0,0.0,0.0,0.1,0.30000000000000004,0.3,0.45825756949558405,0.3,0.45825756949558394,0.0,0.0,0.0,0.0,0.0,0.0,0.0,0.0,0.0,0.0,0.0,0.0,0.0,0.0,0.0,0.0,0.0,0.0,0.0,0.0
0.0,0.0,1.58,0.0,0.0,0.0,0.0,0.0,0.0,0.0,0.0,0.0,0.0,0.0,0.0,0.0,0.0,0.0,0.0,0.0,0.0,0.0,0.0,0.1,0.30000000000000004,0.3,0.45825756949558394,0.4,0.48989794855663565,0.1,0.30000000000000004,0.0,0.0,0.0,0.0,0.1,0.30000000000000004,0.3,0.45825756949558405,0.3,0.45825756949558394,0.0,0.0,0.0,0.0,0.0,0.0,0.0,0.0,0.0,0.0,0.0,0.0,0.0,0.0,0.0,0.0,0.0,0.0,0.0,0.0
0.0,0.0,1.59,0.0,0.0,0.0,0.0,0.0,0.0,0.0,0.0,0.0,0.0,0.0,0.0,0.0,0.0,0.0,0.0,0.0,0.0,0.0,0.0,0.0,0.0,0.3,0.45825756949558394,0.4,0.48989794855663565,0.1,0.30000000000000004,0.0,0.0,0.0,0.0,0.1,0.30000000000000004,0.3,0.45825756949558405,0.3,0.45825756949558394,0.0,0.0,0.0,0.0,0.0,0.0,0.0,0.0,0.0,0.0,0.0,0.0,0.0,0.0,0.0,0.0,0.0,0.0,0.0,0.0
0.0,0.0,1.6,0.0,0.0,0.0,0.0,0.0,0.0,0.0,0.0,0.0,0.0,0.0,0.0,0.0,0.0,0.0,0.0,0.0,0.0,0.0,0.0,0.0,0.0,0.3,0.45825756949558394,0.4,0.48989794855663565,0.1,0.30000000000000004,0.0,0.0,0.0,0.0,0.1,0.30000000000000004,0.3,0.45825756949558405,0.3,0.45825756949558394,0.0,0.0,0.0,0.0,0.0,0.0,0.0,0.0,0.0,0.0,0.0,0.0,0.0,0.0,0.0,0.0,0.0,0.0,0.0,0.0
0.0,0.0,1.61,0.0,0.0,0.0,0.0,0.0,0.0,0.0,0.0,0.0,0.0,0.0,0.0,0.0,0.0,0.0,0.0,0.0,0.0,0.0,0.0,0.0,0.0,0.3,0.45825756949558394,0.4,0.48989794855663565,0.1,0.30000000000000004,0.0,0.0,0.0,0.0,0.1,0.30000000000000004,0.3,0.45825756949558405,0.3,0.45825756949558394,0.0,0.0,0.0,0.0,0.0,0.0,0.0,0.0,0.0,0.0,0.0,0.0,0.0,0.0,0.0,0.0,0.0,0.0,0.0,0.0
0.0,0.0,1.62,0.0,0.0,0.0,0.0,0.0,0.0,0.0,0.0,0.0,0.0,0.0,0.0,0.0,0.0,0.0,0.0,0.0,0.0,0.0,0.0,0.0,0.0,0.3,0.45825756949558394,0.4,0.48989794855663565,0.1,0.30000000000000004,0.0,0.0,0.0,0.0,0.1,0.30000000000000004,0.3,0.45825756949558405,0.3,0.45825756949558394,0.0,0.0,0.0,0.0,0.0,0.0,0.0,0.0,0.0,0.0,0.0,0.0,0.0,0.0,0.0,0.0,0.0,0.0,0.0,0.0
0.0,0.0,1.6300000000000001,0.0,0.0,0.0,0.0,0.0,0.0,0.0,0.0,0.0,0.0,0.0,0.0,0.0,0.0,0.0,0.0,0.0,0.0,0.0,0.0,0.0,0.0,0.3,0.45825756949558394,0.4,0.48989794855663565,0.1,0.30000000000000004,0.0,0.0,0.0,0.0,0.1,0.30000000000000004,0.3,0.45825756949558405,0.3,0.45825756949558394,0.0,0.0,0.0,0.0,0.0,0.0,0.0,0.0,0.0,0.0,0.0,0.0,0.0,0.0,0.0,0.0,0.0,0.0,0.0,0.0
0.0,0.0,1.6400000000000001,0.0,0.0,0.0,0.0,0.0,0.0,0.0,0.0,0.0,0.0,0.0,0.0,0.0,0.0,0.0,0.0,0.0,0.0,0.0,0.0,0.0,0.0,0.3,0.45825756949558394,0.4,0.48989794855663565,0.1,0.30000000000000004,0.0,0.0,0.0,0.0,0.1,0.30000000000000004,0.3,0.45825756949558405,0.3,0.45825756949558394,0.0,0.0,0.0,0.0,0.0,0.0,0.0,0.0,0.0,0.0,0.0,0.0,0.0,0.0,0.0,0.0,0.0,0.0,0.0,0.0
0.0,0.0,1.6500000000000001,0.0,0.0,0.0,0.0,0.0,0.0,0.0,0.0,0.0,0.0,0.0,0.0,0.0,0.0,0.0,0.0,0.0,0.0,0.0,0.0,0.0,0.0,0.3,0.45825756949558394,0.4,0.48989794855663565,0.1,0.30000000000000004,0.0,0.0,0.0,0.0,0.1,0.30000000000000004,0.3,0.45825756949558405,0.3,0.45825756949558394,0.0,0.0,0.0,0.0,0.0,0.0,0.0,0.0,0.0,0.0,0.0,0.0,0.0,0.0,0.0,0.0,0.0,0.0,0.0,0.0
0.0,0.0,1.6600000000000001,0.0,0.0,0.0,0.0,0.0,0.0,0.0,0.0,0.0,0.0,0.0,0.0,0.0,0.0,0.0,0.0,0.0,0.0,0.0,0.0,0.0,0.0,0.3,0.45825756949558394,0.4,0.48989794855663565,0.1,0.30000000000000004,0.0,0.0,0.0,0.0,0.1,0.30000000000000004,0.3,0.45825756949558405,0.3,0.45825756949558394,0.0,0.0,0.0,0.0,0.0,0.0,0.0,0.0,0.0,0.0,0.0,0.0,0.0,0.0,0.0,0.0,0.0,0.0,0.0,0.0
0.0,0.0,1.67,0.0,0.0,0.0,0.0,0.0,0.0,0.0,0.0,0.0,0.0,0.0,0.0,0.0,0.0,0.0,0.0,0.0,0.0,0.0,0.0,0.0,0.0,0.3,0.45825756949558394,0.4,0.48989794855663565,0.1,0.30000000000000004,0.0,0.0,0.0,0.0,0.1,0.30000000000000004,0.3,0.45825756949558405,0.3,0.45825756949558394,0.0,0.0,0.0,0.0,0.0,0.0,0.0,0.0,0.0,0.0,0.0,0.0,0.0,0.0,0.0,0.0,0.0,0.0,0.0,0.0
0.0,0.0,1.68,0.0,0.0,0.0,0.0,0.0,0.0,0.0,0.0,0.0,0.0,0.0,0.0,0.0,0.0,0.0,0.0,0.0,0.0,0.0,0.0,0.0,0.0,0.3,0.45825756949558394,0.4,0.48989794855663565,0.1,0.30000000000000004,0.0,0.0,0.0,0.0,0.1,0.30000000000000004,0.3,0.45825756949558405,0.3,0.45825756949558394,0.0,0.0,0.0,0.0,0.0,0.0,0.0,0.0,0.0,0.0,0.0,0.0,0.0,0.0,0.0,0.0,0.0,0.0,0.0,0.0
0.0,0.0,1.69,0.0,0.0,0.0,0.0,0.0,0.0,0.0,0.0,0.0,0.0,0.0,0.0,0.0,0.0,0.0,0.0,0.0,0.0,0.0,0.0,0.0,0.0,0.3,0.45825756949558394,0.4,0.48989794855663565,0.1,0.30000000000000004,0.0,0.0,0.0,0.0,0.1,0.30000000000000004,0.3,0.45825756949558405,0.3,0.45825756949558394,0.0,0.0,0.0,0.0,0.0,0.0,0.0,0.0,0.0,0.0,0.0,0.0,0.0,0.0,0.0,0.0,0.0,0.0,0.0,0.0
0.0,0.0,1.7,0.0,0.0,0.0,0.0,0.0,0.0,0.0,0.0,0.0,0.0,0.0,0.0,0.0,0.0,0.0,0.0,0.0,0.0,0.0,0.0,0.0,0.0,0.3,0.45825756949558394,0.4,0.48989794855663565,0.1,0.30000000000000004,0.0,0.0,0.0,0.0,0.1,0.30000000000000004,0.3,0.45825756949558405,0.3,0.45825756949558394,0.0,0.0,0.0,0.0,0.0,0.0,0.0,0.0,0.0,0.0,0.0,0.0,0.0,0.0,0.0,0.0,0.0,0.0,0.0,0.0
0.0,0.0,1.71,0.0,0.0,0.0,0.0,0.0,0.0,0.0,0.0,0.0,0.0,0.0,0.0,0.0,0.0,0.0,0.0,0.0,0.0,0.0,0.0,0.0,0.0,0.3,0.45825756949558394,0.4,0.48989794855663565,0.1,0.30000000000000004,0.0,0.0,0.0,0.0,0.1,0.30000000000000004,0.3,0.45825756949558405,0.3,0.45825756949558394,0.0,0.0,0.0,0.0,0.0,0.0,0.0,0.0,0.0,0.0,0.0,0.0,0.0,0.0,0.0,0.0,0.0,0.0,0.0,0.0
0.0,0.0,1.72,0.0,0.0,0.0,0.0,0.0,0.0,0.0,0.0,0.0,0.0,0.0,0.0,0.0,0.0,0.0,0.0,0.0,0.0,0.0,0.0,0.0,0.0,0.3,0.45825756949558394,0.4,0.48989794855663565,0.1,0.30000000000000004,0.0,0.0,0.0,0.0,0.1,0.30000000000000004,0.3,0.45825756949558405,0.3,0.45825756949558394,0.0,0.0,0.0,0.0,0.0,0.0,0.0,0.0,0.0,0.0,0.0,0.0,0.0,0.0,0.0,0.0,0.0,0.0,0.0,0.0
0.0,0.0,1.73,0.0,0.0,0.0,0.0,0.0,0.0,0.0,0.0,0.0,0.0,0.0,0.0,0.0,0.0,0.0,0.0,0.0,0.0,0.0,0.0,0.0,0.0,0.3,0.45825756949558394,0.4,0.48989794855663565,0.1,0.30000000000000004,0.0,0.0,0.0,0.0,0.1,0.30000000000000004,0.3,0.45825756949558405,0.3,0.45825756949558394,0.0,0.0,0.0,0.0,0.0,0.0,0.0,0.0,0.0,0.0,0.0,0.0,0.0,0.0,0.0,0.0,0.0,0.0,0.0,0.0
0.0,0.0,1.74,0.0,0.0,0.0,0.0,0.0,0.0,0.0,0.0,0.0,0.0,0.0,0.0,0.0,0.0,0.0,0.0,0.0,0.0,0.0,0.0,0.0,0.0,0.3,0.45825756949558394,0.4,0.48989794855663565,0.1,0.30000000000000004,0.0,0.0,0.0,0.0,0.1,0.30000000000000004,0.3,0.45825756949558405,0.3,0.45825756949558394,0.0,0.0,0.0,0.0,0.0,0.0,0.0,0.0,0.0,0.0,0.0,0.0,0.0,0.0,0.0,0.0,0.0,0.0,0.0,0.0
0.0,0.0,1.75,0.0,0.0,0.0,0.0,0.0,0.0,0.0,0.0,0.0,0.0,0.0,0.0,0.0,0.0,0.0,0.0,0.0,0.0,0.0,0.0,0.0,0.0,0.3,0.45825756949558394,0.4,0.48989794855663565,0.1,0.30000000000000004,0.0,0.0,0.0,0.0,0.1,0.30000000000000004,0.3,0.45825756949558405,0.3,0.45825756949558394,0.0,0.0,0.0,0.0,0.0,0.0,0.0,0.0,0.0,0.0,0.0,0.0,0.0,0.0,0.0,0.0,0.0,0.0,0.0,0.0
0.0,0.0,1.76,0.0,0.0,0.0,0.0,0.0,0.0,0.0,0.0,0.0,0.0,0.0,0.0,0.0,0.0,0.0,0.0,0.0,0.0,0.0,0.0,0.0,0.0,0.3,0.45825756949558394,0.4,0.48989794855663565,0.1,0.30000000000000004,0.0,0.0,0.0,0.0,0.1,0.30000000000000004,0.3,0.45825756949558405,0.3,0.45825756949558394,0.0,0.0,0.0,0.0,0.0,0.0,0.0,0.0,0.0,0.0,0.0,0.0,0.0,0.0,0.0,0.0,0.0,0.0,0.0,0.0
0.0,0.0,1.77,0.0,0.0,0.0,0.0,0.0,0.0,0.0,0.0,0.0,0.0,0.0,0.0,0.0,0.0,0.0,0.0,0.0,0.0,0.0,0.0,0.0,0.0,0.3,0.45825756949558394,0.4,0.48989794855663565,0.1,0.30000000000000004,0.0,0.0,0.0,0.0,0.1,0.30000000000000004,0.3,0.45825756949558405,0.3,0.45825756949558394,0.0,0.0,0.0,0.0,0.0,0.0,0.0,0.0,0.0,0.0,0.0,0.0,0.0,0.0,0.0,0.0,0.0,0.0,0.0,0.0
0.0,0.0,1.78,0.0,0.0,0.0,0.0,0.0,0.0,0.0,0.0,0.0,0.0,0.0,0.0,0.0,0.0,0.0,0.0,0.0,0.0,0.0,0.0,0.0,0.0,0.3,0.45825756949558394,0.4,0.48989794855663565,0.1,0.30000000000000004,0.0,0.0,0.0,0.0,0.1,0.30000000000000004,0.3,0.45825756949558405,0.3,0.45825756949558394,0.0,0.0,0.0,0.0,0.0,0.0,0.0,0.0,0.0,0.0,0.0,0.0,0.0,0.0,0.0,0.0,0.0,0.0,0.0,0.0
0.0,0.0,1.79,0.0,0.0,0.0,0.0,0.0,0.0,0.0,0.0,0.0,0.0,0.0,0.0,0.0,0.0,0.0,0.0,0.0,0.0,0.0,0.0,0.0,0.0,0.3,0.45825756949558394,0.4,0.48989794855663565,0.1,0.30000000000000004,0.0,0.0,0.0,0.0,0.1,0.30000000000000004,0.3,0.45825756949558405,0.3,0.45825756949558394,0.0,0.0,0.0,0.0,0.0,0.0,0.0,0.0,0.0,0.0,0.0,0.0,0.0,0.0,0.0,0.0,0.0,0.0,0.0,0.0
0.0,0.0,1.8,0.0,0.0,0.0,0.0,0.0,0.0,0.0,0.0,0.0,0.0,0.0,0.0,0.0,0.0,0.0,0.0,0.0,0.0,0.0,0.0,0.0,0.0,0.3,0.45825756949558394,0.4,0.48989794855663565,0.1,0.30000000000000004,0.0,0.0,0.0,0.0,0.1,0.30000000000000004,0.3,0.45825756949558405,0.3,0.45825756949558394,0.0,0.0,0.0,0.0,0.0,0.0,0.0,0.0,0.0,0.0,0.0,0.0,0.0,0.0,0.0,0.0,0.0,0.0,0.0,0.0
0.0,0.0,1.81,0.0,0.0,0.0,0.0,0.0,0.0,0.0,0.0,0.0,0.0,0.0,0.0,0.0,0.0,0.0,0.0,0.0,0.0,0.0,0.0,0.0,0.0,0.3,0.45825756949558394,0.4,0.48989794855663565,0.1,0.30000000000000004,0.0,0.0,0.0,0.0,0.1,0.30000000000000004,0.3,0.45825756949558405,0.3,0.45825756949558394,0.0,0.0,0.0,0.0,0.0,0.0,0.0,0.0,0.0,0.0,0.0,0.0,0.0,0.0,0.0,0.0,0.0,0.0,0.0,0.0
0.0,0.0,1.82,0.0,0.0,0.0,0.0,0.0,0.0,0.0,0.0,0.0,0.0,0.0,0.0,0.0,0.0,0.0,0.0,0.0,0.0,0.0,0.0,0.0,0.0,0.3,0.45825756949558394,0.4,0.48989794855663565,0.1,0.30000000000000004,0.0,0.0,0.0,0.0,0.1,0.30000000000000004,0.3,0.45825756949558405,0.3,0.45825756949558394,0.0,0.0,0.0,0.0,0.0,0.0,0.0,0.0,0.0,0.0,0.0,0.0,0.0,0.0,0.0,0.0,0.0,0.0,0.0,0.0
0.0,0.0,1.83,0.0,0.0,0.0,0.0,0.0,0.0,0.0,0.0,0.0,0.0,0.0,0.0,0.0,0.0,0.0,0.0,0.0,0.0,0.0,0.0,0.0,0.0,0.3,0.45825756949558394,0.4,0.48989794855663565,0.1,0.30000000000000004,0.0,0.0,0.0,0.0,0.1,0.30000000000000004,0.3,0.45825756949558405,0.3,0.45825756949558394,0.0,0.0,0.0,0.0,0.0,0.0,0.0,0.0,0.0,0.0,0.0,0.0,0.0,0.0,0.0,0.0,0.0,0.0,0.0,0.0
0.0,0.0,1.84,0.0,0.0,0.0,0.0,0.0,0.0,0.0,0.0,0.0,0.0,0.0,0.0,0.0,0.0,0.0,0.0,0.0,0.0,0.0,0.0,0.0,0.0,0.3,0.45825756949558394,0.4,0.48989794855663565,0.1,0.30000000000000004,0.0,0.0,0.0,0.0,0.1,0.30000000000000004,0.3,0.45825756949558405,0.3,0.45825756949558394,0.0,0.0,0.0,0.0,0.0,0.0,0.0,0.0,0.0,0.0,0.0,0.0,0.0,0.0,0.0,0.0,0.0,0.0,0.0,0.0
0.0,0.0,1.85,0.0,0.0,0.0,0.0,0.0,0.0,0.0,0.0,0.0,0.0,0.0,0.0,0.0,0.0,0.0,0.0,0.0,0.0,0.0,0.0,0.0,0.0,0.3,0.45825756949558394,0.4,0.48989794855663565,0.1,0.30000000000000004,0.0,0.0,0.0,0.0,0.1,0.30000000000000004,0.3,0.45825756949558405,0.3,0.45825756949558394,0.0,0.0,0.0,0.0,0.0,0.0,0.0,0.0,0.0,0.0,0.0,0.0,0.0,0.0,0.0,0.0,0.0,0.0,0.0,0.0
0.0,0.0,1.86,0.0,0.0,0.0,0.0,0.0,0.0,0.0,0.0,0.0,0.0,0.0,0.0,0.0,0.0,0.0,0.0,0.0,0.0,0.0,0.0,0.0,0.0,0.3,0.45825756949558394,0.4,0.48989794855663565,0.1,0.30000000000000004,0.0,0.0,0.0,0.0,0.1,0.30000000000000004,0.3,0.45825756949558405,0.3,0.45825756949558394,0.0,0.0,0.0,0.0,0.0,0.0,0.0,0.0,0.0,0.0,0.0,0.0,0.0,0.0,0.0,0.0,0.0,0.0,0.0,0.0
0.0,0.0,1.87,0.0,0.0,0.0,0.0,0.0,0.0,0.0,0.0,0.0,0.0,0.0,0.0,0.0,0.0,0.0,0.0,0.0,0.0,0.0,0.0,0.0,0.0,0.3,0.45825756949558394,0.4,0.48989794855663565,0.1,0.30000000000000004,0.0,0.0,0.0,0.0,0.1,0.30000000000000004,0.3,0.45825756949558405,0.3,0.45825756949558394,0.0,0.0,0.0,0.0,0.0,0.0,0.0,0.0,0.0,0.0,0.0,0.0,0.0,0.0,0.0,0.0,0.0,0.0,0.0,0.0
0.0,0.0,1.8800000000000001,0.0,0.0,0.0,0.0,0.0,0.0,0.0,0.0,0.0,0.0,0.0,0.0,0.0,0.0,0.0,0.0,0.0,0.0,0.0,0.0,0.0,0.0,0.3,0.45825756949558394,0.4,0.48989794855663565,0.1,0.30000000000000004,0.0,0.0,0.0,0.0,0.1,0.30000000000000004,0.3,0.45825756949558405,0.3,0.45825756949558394,0.0,0.0,0.0,0.0,0.0,0.0,0.0,0.0,0.0,0.0,0.0,0.0,0.0,0.0,0.0,0.0,0.0,0.0,0.0,0.0
0.0,0.0,1.8900000000000001,0.0,0.0,0.0,0.0,0.0,0.0,0.0,0.0,0.0,0.0,0.0,0.0,0.0,0.0,0.0,0.0,0.0,0.0,0.0,0.0,0.0,0.0,0.3,0.45825756949558394,0.4,0.48989794855663565,0.1,0.30000000000000004,0.0,0.0,0.0,0.0,0.1,0.30000000000000004,0.3,0.45825756949558405,0.3,0.45825756949558394,0.0,0.0,0.0,0.0,0.0,0.0,0.0,0.0,0.0,0.0,0.0,0.0,0.0,0.0,0.0,0.0,0.0,0.0,0.0,0.0
0.0,0.0,1.9000000000000001,0.0,0.0,0.0,0.0,0.0,0.0,0.0,0.0,0.0,0.0,0.0,0.0,0.0,0.0,0.0,0.0,0.0,0.0,0.0,0.0,0.0,0.0,0.3,0.45825756949558394,0.4,0.48989794855663565,0.1,0.30000000000000004,0.0,0.0,0.0,0.0,0.1,0.30000000000000004,0.3,0.45825756949558405,0.3,0.45825756949558394,0.0,0.0,0.0,0.0,0.0,0.0,0.0,0.0,0.0,0.0,0.0,0.0,0.0,0.0,0.0,0.0,0.0,0.0,0.0,0.0
0.0,0.0,1.9100000000000001,0.0,0.0,0.0,0.0,0.0,0.0,0.0,0.0,0.0,0.0,0.0,0.0,0.0,0.0,0.0,0.0,0.0,0.0,0.0,0.0,0.0,0.0,0.3,0.45825756949558394,0.4,0.48989794855663565,0.1,0.30000000000000004,0.0,0.0,0.0,0.0,0.1,0.30000000000000004,0.3,0.45825756949558405,0.3,0.45825756949558394,0.0,0.0,0.0,0.0,0.0,0.0,0.0,0.0,0.0,0.0,0.0,0.0,0.0,0.0,0.0,0.0,0.0,0.0,0.0,0.0
0.0,0.0,1.92,0.0,0.0,0.0,0.0,0.0,0.0,0.0,0.0,0.0,0.0,0.0,0.0,0.0,0.0,0.0,0.0,0.0,0.0,0.0,0.0,0.0,0.0,0.3,0.45825756949558394,0.4,0.48989794855663565,0.1,0.30000000000000004,0.0,0.0,0.0,0.0,0.1,0.30000000000000004,0.3,0.45825756949558405,0.3,0.45825756949558394,0.0,0.0,0.0,0.0,0.0,0.0,0.0,0.0,0.0,0.0,0.0,0.0,0.0,0.0,0.0,0.0,0.0,0.0,0.0,0.0
0.0,0.0,1.93,0.0,0.0,0.0,0.0,0.0,0.0,0.0,0.0,0.0,0.0,0.0,0.0,0.0,0.0,0.0,0.0,0.0,0.0,0.0,0.0,0.0,0.0,0.3,0.45825756949558394,0.4,0.48989794855663565,0.1,0.30000000000000004,0.0,0.0,0.0,0.0,0.1,0.30000000000000004,0.3,0.45825756949558405,0.3,0.45825756949558394,0.0,0.0,0.0,0.0,0.0,0.0,0.0,0.0,0.0,0.0,0.0,0.0,0.0,0.0,0.0,0.0,0.0,0.0,0.0,0.0
0.0,0.0,1.94,0.0,0.0,0.0,0.0,0.0,0.0,0.0,0.0,0.0,0.0,0.0,0.0,0.0,0.0,0.0,0.0,0.0,0.0,0.0,0.0,0.0,0.0,0.3,0.45825756949558394,0.4,0.48989794855663565,0.1,0.30000000000000004,0.0,0.0,0.0,0.0,0.1,0.30000000000000004,0.3,0.45825756949558405,0.3,0.45825756949558394,0.0,0.0,0.0,0.0,0.0,0.0,0.0,0.0,0.0,0.0,0.0,0.0,0.0,0.0,0.0,0.0,0.0,0.0,0.0,0.0
0.0,0.0,1.95,0.0,0.0,0.0,0.0,0.0,0.0,0.0,0.0,0.0,0.0,0.0,0.0,0.0,0.0,0.0,0.0,0.0,0.0,0.0,0.0,0.0,0.0,0.3,0.45825756949558394,0.4,0.48989794855663565,0.1,0.30000000000000004,0.0,0.0,0.0,0.0,0.1,0.30000000000000004,0.3,0.45825756949558405,0.3,0.45825756949558394,0.0,0.0,0.0,0.0,0.0,0.0,0.0,0.0,0.0,0.0,0.0,0.0,0.0,0.0,0.0,0.0,0.0,0.0,0.0,0.0
0.0,0.0,1.96,0.0,0.0,0.0,0.0,0.0,0.0,0.0,0.0,0.0,0.0,0.0,0.0,0.0,0.0,0.0,0.0,0.0,0.0,0.0,0.0,0.0,0.0,0.3,0.45825756949558394,0.4,0.48989794855663565,0.1,0.30000000000000004,0.0,0.0,0.0,0.0,0.1,0.30000000000000004,0.3,0.45825756949558405,0.3,0.45825756949558394,0.0,0.0,0.0,0.0,0.0,0.0,0.0,0.0,0.0,0.0,0.0,0.0,0.0,0.0,0.0,0.0,0.0,0.0,0.0,0.0
0.0,0.0,1.97,0.0,0.0,0.0,0.0,0.0,0.0,0.0,0.0,0.0,0.0,0.0,0.0,0.0,0.0,0.0,0.0,0.0,0.0,0.0,0.0,0.0,0.0,0.3,0.45825756949558394,0.4,0.48989794855663565,0.1,0.30000000000000004,0.0,0.0,0.0,0.0,0.1,0.30000000000000004,0.3,0.45825756949558405,0.2,0.4000000000000001,0.0,0.0,0.0,0.0,0.0,0.0,0.0,0.0,0.0,0.0,0.0,0.0,0.0,0.0,0.0,0.0,0.0,0.0,0.0,0.0
0.0,0.0,1.98,0.0,0.0,0.0,0.0,0.0,0.0,0.0,0.0,0.0,0.0,0.0,0.0,0.0,0.0,0.0,0.0,0.0,0.0,0.0,0.0,0.0,0.0,0.3,0.45825756949558394,0.4,0.48989794855663565,0.1,0.30000000000000004,0.0,0.0,0.0,0.0,0.1,0.30000000000000004,0.3,0.45825756949558405,0.2,0.4000000000000001,0.0,0.0,0.0,0.0,0.0,0.0,0.0,0.0,0.0,0.0,0.0,0.0,0.0,0.0,0.0,0.0,0.0,0.0,0.0,0.0
0.0,0.0,1.99,0.0,0.0,0.0,0.0,0.0,0.0,0.0,0.0,0.0,0.0,0.0,0.0,0.0,0.0,0.0,0.0,0.0,0.0,0.0,0.0,0.0,0.0,0.3,0.45825756949558394,0.4,0.48989794855663565,0.1,0.30000000000000004,0.0,0.0,0.0,0.0,0.1,0.30000000000000004,0.3,0.45825756949558405,0.2,0.4000000000000001,0.0,0.0,0.0,0.0,0.0,0.0,0.0,0.0,0.0,0.0,0.0,0.0,0.0,0.0,0.0,0.0,0.0,0.0,0.0,0.0
0.0,0.0,2.0,0.0,0.0,0.0,0.0,0.0,0.0,0.0,0.0,0.0,0.0,0.0,0.0,0.0,0.0,0.0,0.0,0.0,0.0,0.0,0.0,0.0,0.0,0.3,0.45825756949558394,0.4,0.48989794855663565,0.1,0.30000000000000004,0.0,0.0,0.0,0.0,0.1,0.30000000000000004,0.3,0.45825756949558405,0.2,0.4000000000000001,0.0,0.0,0.0,0.0,0.0,0.0,0.0,0.0,0.0,0.0,0.0,0.0,0.0,0.0,0.0,0.0,0.0,0.0,0.0,0.0
