time,AB.h5e-07,AB.h2.38095e-08,AB.h1.21951e-08,AB.h8.19672e-09,AB.h6.17284e-09,AB.h4.9505e-09
0.0,200.0,200.2,199.6,198.4,194.0,199.6
0.01,200.0,200.2,199.6,198.4,194.0,199.6
0.02,200.0,200.2,199.6,198.4,194.0,199.6
0.03,200.0,200.2,199.6,198.4,194.0,199.6
0.04,200.0,200.2,199.6,198.4,194.0,199.6
0.05,200.0,200.2,199.6,198.4,194.0,199.6
0.06,200.0,200.2,199.6,198.4,194.0,199.6
0.07,200.0,200.2,199.6,198.4,194.0,199.6
0.08,200.0,200.2,199.6,198.4,194.0,199.6
0.09,200.0,200.2,199.6,198.4,194.0,199.6
0.1,180.8,178.6,178.8,180.0,175.6,185.2
0.11,180.8,178.6,178.8,180.0,175.6,185.2
0.12,180.8,178.6,178.8,180.0,175.6,185.2
0.13,180.8,178.6,178.8,180.0,175.6,185.2
0.14,180.8,178.6,178.8,180.0,175.6,185.2
0.15,180.8,178.6,178.8,180.0,175.6,185.2
0.16,180.8,178.6,178.8,180.0,175.6,185.2
0.17,180.8,178.6,178.8,180.0,175.6,185.2
0.18,180.8,178.6,178.8,180.0,175.6,185.2
0.19,180.8,178.6,178.8,180.0,175.6,185.2
0.2,168.0,164.6,160.8,164.0,156.0,164.8
0.21,168.0,164.6,160.8,164.0,156.0,164.8
0.22,168.0,164.6,160.8,164.0,156.0,164.8
0.23,168.0,164.6,160.8,164.0,156.0,164.8
0.24,168.0,164.6,160.8,164.0,156.0,164.8
0.25,168.0,164.6,160.8,164.0,156.0,164.8
0.26,168.0,164.6,160.8,164.0,156.0,164.8
0.27,168.0,164.6,160.8,164.0,156.0,164.8
0.28,168.0,164.6,160.8,164.0,156.0,164.8
0.29,168.0,164.6,160.8,164.0,156.0,164.8
0.3,152.4,152.6,149.6,152.0,143.2,149.2
0.31,152.4,152.6,149.6,152.0,143.2,149.2
0.32,152.4,152.6,149.6,152.0,143.2,149.2
0.33,152.4,152.6,149.6,152.0,143.2,149.2
0.34,152.4,152.6,149.6,152.0,143.2,149.2
0.35000000000000003,152.4,152.6,149.6,152.0,143.2,149.2
0.36,152.4,152.6,149.6,152.0,143.2,149.2
0.37,152.4,152.6,149.6,152.0,143.2,149.2
0.38,152.4,152.6,149.6,152.0,143.2,149.2
0.39,152.4,152.6,149.6,152.0,143.2,149.2
0.4,141.6,139.4,137.2,138.8,132.4,130.8
0.41000000000000003,141.6,139.4,137.2,138.8,132.4,130.8
0.42,141.6,139.4,137.2,138.8,132.4,130.8
0.43,141.6,139.4,137.2,138.8,132.4,130.8
0.44,141.6,139.4,137.2,138.8,132.4,130.8
0.45,141.6,139.4,137.2,138.8,132.4,130.8
0.46,141.6,139.4,137.2,138.8,132.4,130.8
0.47000000000000003,141.6,139.4,137.2,138.8,132.4,130.8
0.48,141.6,139.4,137.2,138.8,132.4,130.8
0.49,141.6,139.4,137.2,138.8,132.4,130.8
0.5,133.2,131.0,129.2,128.0,119.2,118.4
0.51,133.2,131.0,129.2,128.0,119.2,118.4
0.52,133.2,131.0,129.2,128.0,119.2,118.4
0.53,133.2,131.0,129.2,128.0,119.2,118.4
0.54,133.2,131.0,129.2,128.0,119.2,118.4
0.55,133.2,131.0,129.2,128.0,119.2,118.4
0.56,133.2,131.0,129.2,128.0,119.2,118.4
0.5700000000000001,133.2,131.0,129.2,128.0,119.2,118.4
0.58,133.2,131.0,129.2,128.0,119.2,118.4
0.59,133.2,131.0,129.2,128.0,119.2,118.4
0.6,124.0,120.6,120.8,117.2,110.8,102.8
0.61,124.0,120.6,120.8,117.2,110.8,102.8
0.62,124.0,120.6,120.8,117.2,110.8,102.8
0.63,124.0,120.6,120.8,117.2,110.8,102.8
0.64,124.0,120.6,120.8,117.2,110.8,102.8
0.65,124.0,120.6,120.8,117.2,110.8,102.8
0.66,124.0,120.6,120.8,117.2,110.8,102.8
0.67,124.0,120.6,120.8,117.2,110.8,102.8
0.68,124.0,120.6,120.8,117.2,110.8,102.8
0.6900000000000001,124.0,120.6,120.8,117.2,110.8,102.8
0.7000000000000001,118.4,111.8,112.4,111.6,104.0,92.0
0.71,118.4,111.8,112.4,111.6,104.0,92.0
0.72,118.4,111.8,112.4,111.6,104.0,92.0
0.73,118.4,111.8,112.4,111.6,104.0,92.0
0.74,118.4,111.8,112.4,111.6,104.0,92.0
0.75,118.4,111.8,112.4,111.6,104.0,92.0
0.76,118.4,111.8,112.4,111.6,104.0,92.0
0.77,118.4,111.8,112.4,111.6,104.0,92.0
0.78,118.4,111.8,112.4,111.6,104.0,92.0
0.79,118.4,111.8,112.4,111.6,104.0,92.0
0.8,112.8,106.2,104.0,104.4,94.8,84.4
0.81,112.8,106.2,104.0,104.4,94.8,84.4
0.8200000000000001,112.8,106.2,104.0,104.4,94.8,84.4
0.8300000000000001,112.8,106.2,104.0,104.4,94.8,84.4
0.84,112.8,106.2,104.0,104.4,94.8,84.4
0.85,112.8,106.2,104.0,104.4,94.8,84.4
0.86,112.8,106.2,104.0,104.4,94.8,84.4
0.87,112.8,106.2,104.0,104.4,94.8,84.4
0.88,112.8,106.2,104.0,104.4,94.8,84.4
0.89,112.8,106.2,104.0,104.4,94.8,84.4
0.9,106.4,101.0,99.2,99.2,89.6,74.0
0.91,106.4,101.0,99.2,99.2,89.6,74.0
0.92,106.4,101.0,99.2,99.2,89.6,74.0
0.93,106.4,101.0,99.2,99.2,89.6,74.0
0.9400000000000001,106.4,101.0,99.2,99.2,89.6,74.0
0.9500000000000001,106.4,101.0,99.2,99.2,89.6,74.0
0.96,106.4,101.0,99.2,99.2,89.6,74.0
0.97,106.4,101.0,99.2,99.2,89.6,74.0
0.98,106.4,101.0,99.2,99.2,89.6,74.0
0.99,106.4,101.0,99.2,99.2,89.6,74.0
1.0,99.2,96.6,93.2,94.8,81.6,66.0
1.01,99.2,96.6,93.2,94.8,81.6,66.0
1.02,99.2,96.6,93.2,94.8,81.6,66.0
1.03,99.2,96.6,93.2,94.8,81.6,66.0
1.04,99.2,96.6,93.2,94.8,81.6,66.0
1.05,99.2,96.6,93.2,94.8,81.6,66.0
1.06,99.2,96.6,93.2,94.8,81.6,66.0
1.07,99.2,96.6,93.2,94.8,81.6,66.0
1.08,99.2,96.6,93.2,94.8,81.6,66.0
1.09,99.2,96.6,93.2,94.8,81.6,66.0
1.1,92.8,90.6,88.4,90.4,76.4,60.4
1.11,92.8,90.6,88.4,90.4,76.4,60.4
1.12,92.8,90.6,88.4,90.4,76.4,60.4
1.1300000000000001,92.8,90.6,88.4,90.4,76.4,60.4
1.1400000000000001,92.8,90.6,88.4,90.4,76.4,60.4
1.1500000000000001,92.8,90.6,88.4,90.4,76.4,60.4
1.16,92.8,90.6,88.4,90.4,76.4,60.4
1.17,92.8,90.6,88.4,90.4,76.4,60.4
1.18,92.8,90.6,88.4,90.4,76.4,60.4
1.19,92.8,90.6,88.4,90.4,76.4,60.4
1.2,90.8,87.0,82.8,86.0,69.6,52.8
1.21,90.8,87.0,82.8,86.0,69.6,52.8
1.22,90.8,87.0,82.8,86.0,69.6,52.8
1.23,90.8,87.0,82.8,86.0,69.6,52.8
1.24,90.8,87.0,82.8,86.0,69.6,52.8
1.25,90.8,87.0,82.8,86.0,69.6,52.8
1.26,90.8,87.0,82.8,86.0,69.6,52.8
1.27,90.8,87.0,82.8,86.0,69.6,52.8
1.28,90.8,87.0,82.8,86.0,69.6,52.8
1.29,90.8,87.0,82.8,86.0,69.6,52.8
1.3,87.6,83.4,77.2,81.6,65.6,47.6
1.31,87.6,83.4,77.2,81.6,65.6,47.6
1.32,87.6,83.4,77.2,81.6,65.6,47.6
1.33,87.6,83.4,77.2,81.6,65.6,47.6
1.34,87.6,83.4,77.2,81.6,65.6,47.6
1.35,87.6,83.4,77.2,81.6,65.6,47.6
1.36,87.6,83.4,77.2,81.6,65.6,47.6
1.37,87.6,83.4,77.2,81.6,65.6,47.6
1.3800000000000001,87.6,83.4,77.2,81.6,65.6,47.6
1.3900000000000001,87.6,83.4,77.2,81.6,65.6,47.6
1.4000000000000001,82.4,81.4,73.6,78.4,62.0,41.2
1.41,82.4,81.4,73.6,78.4,62.0,41.2
1.42,82.4,81.4,73.6,78.4,62.0,41.2
1.43,82.4,81.4,73.6,78.4,62.0,41.2
1.44,82.4,81.4,73.6,78.4,62.0,41.2
1.45,82.4,81.4,73.6,78.4,62.0,41.2
1.46,82.4,81.4,73.6,78.4,62.0,41.2
1.47,82.4,81.4,73.6,78.4,62.0,41.2
1.48,82.4,81.4,73.6,78.4,62.0,41.2
1.49,82.4,81.4,73.6,78.4,62.0,41.2
1.5,78.4,75.4,71.2,74.0,57.6,36.8
1.51,78.4,75.4,71.2,74.0,57.6,36.8
1.52,78.4,75.4,71.2,74.0,57.6,36.8
1.53,78.4,75.4,71.2,74.0,57.6,36.8
1.54,78.4,75.4,71.2,74.0,57.6,36.8
1.55,78.4,75.4,71.2,74.0,57.6,36.8
1.56,78.4,75.4,71.2,74.0,57.6,36.8
1.57,78.4,75.4,71.2,74.0,57.6,36.8
1.58,78.4,75.4,71.2,74.0,57.6,36.8
1.59,78.4,75.4,71.2,74.0,57.6,36.8
1.6,75.2,72.6,68.4,70.4,53.6,32.0
1.61,75.2,72.6,68.4,70.4,53.6,32.0
1.62,75.2,72.6,68.4,70.4,53.6,32.0
1.6300000000000001,75.2,72.6,68.4,70.4,53.6,32.0
1.6400000000000001,75.2,72.6,68.4,70.4,53.6,32.0
1.6500000000000001,75.2,72.6,68.4,70.4,53.6,32.0
1.6600000000000001,75.2,72.6,68.4,70.4,53.6,32.0
1.67,75.2,72.6,68.4,70.4,53.6,32.0
1.68,75.2,72.6,68.4,70.4,53.6,32.0
1.69,75.2,72.6,68.4,70.4,53.6,32.0
1.7,73.6,69.0,66.4,67.2,50.4,27.6
1.71,73.6,69.0,66.4,67.2,50.4,27.6
1.72,73.6,69.0,66.4,67.2,50.4,27.6
1.73,73.6,69.0,66.4,67.2,50.4,27.6
1.74,73.6,69.0,66.4,67.2,50.4,27.6
1.75,73.6,69.0,66.4,67.2,50.4,27.6
1.76,73.6,69.0,66.4,67.2,50.4,27.6
1.77,73.6,69.0,66.4,67.2,50.4,27.6
1.78,73.6,69.0,66.4,67.2,50.4,27.6
1.79,73.6,69.0,66.4,67.2,50.4,27.6
1.8,72.4,65.0,65.2,65.2,47.6,25.6
1.81,72.4,65.0,65.2,65.2,47.6,25.6
1.82,72.4,65.0,65.2,65.2,47.6,25.6
1.83,72.4,65.0,65.2,65.2,47.6,25.6
1.84,72.4,65.0,65.2,65.2,47.6,25.6
1.85,72.4,65.0,65.2,65.2,47.6,25.6
1.86,72.4,65.0,65.2,65.2,47.6,25.6
1.87,72.4,65.0,65.2,65.2,47.6,25.6
1.8800000000000001,72.4,65.0,65.2,65.2,47.6,25.6
1.8900000000000001,72.4,65.0,65.2,65.2,47.6,25.6
1.9000000000000001,70.0,61.8,63.2,63.2,46.0,21.6
1.9100000000000001,70.0,61.8,63.2,63.2,46.0,21.6
1.92,70.0,61.8,63.2,63.2,46.0,21.6
1.93,70.0,61.8,63.2,63.2,46.0,21.6
1.94,70.0,61.8,63.2,63.2,46.0,21.6
1.95,70.0,61.8,63.2,63.2,46.0,21.6
1.96,70.0,61.8,63.2,63.2,46.0,21.6
1.97,70.0,61.8,63.2,63.2,46.0,21.6
1.98,70.0,61.8,63.2,63.2,46.0,21.6
1.99,70.0,61.8,63.2,63.2,46.0,21.6
2.0,66.8,58.2,60.8,62.4,43.6,19.6
2.0100000000000002,66.8,58.2,60.8,62.4,43.6,19.6
2.02,66.8,58.2,60.8,62.4,43.6,19.6
2.0300000000000002,66.8,58.2,60.8,62.4,43.6,19.6
2.04,66.8,58.2,60.8,62.4,43.6,19.6
2.05,66.8,58.2,60.8,62.4,43.6,19.6
2.06,66.8,58.2,60.8,62.4,43.6,19.6
2.07,66.8,58.2,60.8,62.4,43.6,19.6
2.08,66.8,58.2,60.8,62.4,43.6,19.6
2.09,66.8,58.2,60.8,62.4,43.6,19.6
2.1,66.0,56.6,58.0,60.4,40.8,19.6
2.11,66.0,56.6,58.0,60.4,40.8,19.6
2.12,66.0,56.6,58.0,60.4,40.8,19.6
2.13,66.0,56.6,58.0,60.4,40.8,19.6
2.14,66.0,56.6,58.0,60.4,40.8,19.6
2.15,66.0,56.6,58.0,60.4,40.8,19.6
2.16,66.0,56.6,58.0,60.4,40.8,19.6
2.17,66.0,56.6,58.0,60.4,40.8,19.6
2.18,66.0,56.6,58.0,60.4,40.8,19.6
2.19,66.0,56.6,58.0,60.4,40.8,19.6
2.2,64.4,53.8,54.8,59.6,40.0,18.8
2.21,64.4,53.8,54.8,59.6,40.0,18.8
2.22,64.4,53.8,54.8,59.6,40.0,18.8
2.23,64.4,53.8,54.8,59.6,40.0,18.8
2.24,64.4,53.8,54.8,59.6,40.0,18.8
2.25,64.4,53.8,54.8,59.6,40.0,18.8
2.2600000000000002,64.4,53.8,54.8,59.6,40.0,18.8
2.27,64.4,53.8,54.8,59.6,40.0,18.8
2.2800000000000002,64.4,53.8,54.8,59.6,40.0,18.8
2.29,64.4,53.8,54.8,59.6,40.0,18.8
2.3000000000000003,63.2,52.2,52.8,57.2,39.6,16.4
2.31,63.2,52.2,52.8,57.2,39.6,16.4
2.32,63.2,52.2,52.8,57.2,39.6,16.4
2.33,63.2,52.2,52.8,57.2,39.6,16.4
2.34,63.2,52.2,52.8,57.2,39.6,16.4
2.35,63.2,52.2,52.8,57.2,39.6,16.4
2.36,63.2,52.2,52.8,57.2,39.6,16.4
2.37,63.2,52.2,52.8,57.2,39.6,16.4
2.38,63.2,52.2,52.8,57.2,39.6,16.4
2.39,63.2,52.2,52.8,57.2,39.6,16.4
2.4,62.0,50.6,49.6,55.6,39.2,14.8
2.41,62.0,50.6,49.6,55.6,39.2,14.8
2.42,62.0,50.6,49.6,55.6,39.2,14.8
2.43,62.0,50.6,49.6,55.6,39.2,14.8
2.44,62.0,50.6,49.6,55.6,39.2,14.8
2.45,62.0,50.6,49.6,55.6,39.2,14.8
2.46,62.0,50.6,49.6,55.6,39.2,14.8
2.47,62.0,50.6,49.6,55.6,39.2,14.8
2.48,62.0,50.6,49.6,55.6,39.2,14.8
2.49,62.0,50.6,49.6,55.6,39.2,14.8
2.5,60.4,49.0,48.0,54.4,38.0,12.4
2.5100000000000002,60.4,49.0,48.0,54.4,38.0,12.4
2.52,60.4,49.0,48.0,54.4,38.0,12.4
2.5300000000000002,60.4,49.0,48.0,54.4,38.0,12.4
2.54,60.4,49.0,48.0,54.4,38.0,12.4
2.5500000000000003,60.4,49.0,48.0,54.4,38.0,12.4
2.56,60.4,49.0,48.0,54.4,38.0,12.4
2.57,60.4,49.0,48.0,54.4,38.0,12.4
2.58,60.4,49.0,48.0,54.4,38.0,12.4
2.59,60.4,49.0,48.0,54.4,38.0,12.4
2.6,57.2,46.6,47.2,53.2,36.4,12.0
2.61,57.2,46.6,47.2,53.2,36.4,12.0
2.62,57.2,46.6,47.2,53.2,36.4,12.0
2.63,57.2,46.6,47.2,53.2,36.4,12.0
2.64,57.2,46.6,47.2,53.2,36.4,12.0
2.65,57.2,46.6,47.2,53.2,36.4,12.0
2.66,57.2,46.6,47.2,53.2,36.4,12.0
2.67,57.2,46.6,47.2,53.2,36.4,12.0
2.68,57.2,46.6,47.2,53.2,36.4,12.0
2.69,57.2,46.6,47.2,53.2,36.4,12.0
2.7,56.0,45.4,45.6,51.6,34.8,12.0
2.71,56.0,45.4,45.6,51.6,34.8,12.0
2.72,56.0,45.4,45.6,51.6,34.8,12.0
2.73,56.0,45.4,45.6,51.6,34.8,12.0
2.74,56.0,45.4,45.6,51.6,34.8,12.0
2.75,56.0,45.4,45.6,51.6,34.8,12.0
2.7600000000000002,56.0,45.4,45.6,51.6,34.8,12.0
2.77,56.0,45.4,45.6,51.6,34.8,12.0
2.7800000000000002,56.0,45.4,45.6,51.6,34.8,12.0
2.79,56.0,45.4,45.6,51.6,34.8,12.0
2.8000000000000003,54.0,44.2,44.0,50.0,32.8,10.4
2.81,54.0,44.2,44.0,50.0,32.8,10.4
2.82,54.0,44.2,44.0,50.0,32.8,10.4
2.83,54.0,44.2,44.0,50.0,32.8,10.4
2.84,54.0,44.2,44.0,50.0,32.8,10.4
2.85,54.0,44.2,44.0,50.0,32.8,10.4
2.86,54.0,44.2,44.0,50.0,32.8,10.4
2.87,54.0,44.2,44.0,50.0,32.8,10.4
2.88,54.0,44.2,44.0,50.0,32.8,10.4
2.89,54.0,44.2,44.0,50.0,32.8,10.4
2.9,53.6,43.8,41.2,47.2,32.8,9.2
2.91,53.6,43.8,41.2,47.2,32.8,9.2
2.92,53.6,43.8,41.2,47.2,32.8,9.2
2.93,53.6,43.8,41.2,47.2,32.8,9.2
2.94,53.6,43.8,41.2,47.2,32.8,9.2
2.95,53.6,43.8,41.2,47.2,32.8,9.2
2.96,53.6,43.8,41.2,47.2,32.8,9.2
2.97,53.6,43.8,41.2,47.2,32.8,9.2
2.98,53.6,43.8,41.2,47.2,32.8,9.2
2.99,53.6,43.8,41.2,47.2,32.8,9.2
3.0,52.4,43.0,39.6,44.8,32.8,7.2
3.0100000000000002,52.4,43.0,39.6,44.8,32.8,7.2
3.02,52.4,43.0,39.6,44.8,32.8,7.2
3.0300000000000002,52.4,43.0,39.6,44.8,32.8,7.2
3.04,52.4,43.0,39.6,44.8,32.8,7.2
3.0500000000000003,52.4,43.0,39.6,44.8,32.8,7.2
3.06,52.4,43.0,39.6,44.8,32.8,7.2
3.0700000000000003,52.4,43.0,39.6,44.8,32.8,7.2
3.08,52.4,43.0,39.6,44.8,32.8,7.2
3.09,52.4,43.0,39.6,44.8,32.8,7.2
3.1,52.4,42.2,37.6,42.4,32.0,6.8
3.11,52.4,42.2,37.6,42.4,32.0,6.8
3.12,52.4,42.2,37.6,42.4,32.0,6.8
3.13,52.4,42.2,37.6,42.4,32.0,6.8
3.14,52.4,42.2,37.6,42.4,32.0,6.8
3.15,52.4,42.2,37.6,42.4,32.0,6.8
3.16,52.4,42.2,37.6,42.4,32.0,6.8
3.17,52.4,42.2,37.6,42.4,32.0,6.8
3.18,52.4,42.2,37.6,42.4,32.0,6.8
3.19,52.4,42.2,37.6,42.4,32.0,6.8
3.2,52.0,40.2,37.2,40.8,31.2,4.8
3.21,52.0,40.2,37.2,40.8,31.2,4.8
3.22,52.0,40.2,37.2,40.8,31.2,4.8
3.23,52.0,40.2,37.2,40.8,31.2,4.8
3.24,52.0,40.2,37.2,40.8,31.2,4.8
3.25,52.0,40.2,37.2,40.8,31.2,4.8
3.2600000000000002,52.0,40.2,37.2,40.8,31.2,4.8
3.27,52.0,40.2,37.2,40.8,31.2,4.8
3.2800000000000002,52.0,40.2,37.2,40.8,31.2,4.8
3.29,52.0,40.2,37.2,40.8,31.2,4.8
3.3000000000000003,50.8,38.2,36.8,39.6,30.8,4.4
3.31,50.8,38.2,36.8,39.6,30.8,4.4
3.3200000000000003,50.8,38.2,36.8,39.6,30.8,4.4
3.33,50.8,38.2,36.8,39.6,30.8,4.4
3.34,50.8,38.2,36.8,39.6,30.8,4.4
3.35,50.8,38.2,36.8,39.6,30.8,4.4
3.36,50.8,38.2,36.8,39.6,30.8,4.4
3.37,50.8,38.2,36.8,39.6,30.8,4.4
3.38,50.8,38.2,36.8,39.6,30.8,4.4
3.39,50.8,38.2,36.8,39.6,30.8,4.4
3.4,48.8,37.0,35.2,39.2,29.6,4.4
3.41,48.8,37.0,35.2,39.2,29.6,4.4
3.42,48.8,37.0,35.2,39.2,29.6,4.4
3.43,48.8,37.0,35.2,39.2,29.6,4.4
3.44,48.8,37.0,35.2,39.2,29.6,4.4
3.45,48.8,37.0,35.2,39.2,29.6,4.4
3.46,48.8,37.0,35.2,39.2,29.6,4.4
3.47,48.8,37.0,35.2,39.2,29.6,4.4
3.48,48.8,37.0,35.2,39.2,29.6,4.4
3.49,48.8,37.0,35.2,39.2,29.6,4.4
3.5,47.2,35.8,33.6,38.8,29.6,3.6
3.5100000000000002,47.2,35.8,33.6,38.8,29.6,3.6
3.52,47.2,35.8,33.6,38.8,29.6,3.6
3.5300000000000002,47.2,35.8,33.6,38.8,29.6,3.6
3.54,47.2,35.8,33.6,38.8,29.6,3.6
3.5500000000000003,47.2,35.8,33.6,38.8,29.6,3.6
3.56,47.2,35.8,33.6,38.8,29.6,3.6
3.5700000000000003,47.2,35.8,33.6,38.8,29.6,3.6
3.58,47.2,35.8,33.6,38.8,29.6,3.6
3.59,47.2,35.8,33.6,38.8,29.6,3.6
3.6,46.4,35.0,32.8,38.8,28.8,3.2
3.61,46.4,35.0,32.8,38.8,28.8,3.2
3.62,46.4,35.0,32.8,38.8,28.8,3.2
3.63,46.4,35.0,32.8,38.8,28.8,3.2
3.64,46.4,35.0,32.8,38.8,28.8,3.2
3.65,46.4,35.0,32.8,38.8,28.8,3.2
3.66,46.4,35.0,32.8,38.8,28.8,3.2
3.67,46.4,35.0,32.8,38.8,28.8,3.2
3.68,46.4,35.0,32.8,38.8,28.8,3.2
3.69,46.4,35.0,32.8,38.8,28.8,3.2
3.7,45.6,34.2,32.0,38.4,27.6,2.8
3.71,45.6,34.2,32.0,38.4,27.6,2.8
3.72,45.6,34.2,32.0,38.4,27.6,2.8
3.73,45.6,34.2,32.0,38.4,27.6,2.8
3.74,45.6,34.2,32.0,38.4,27.6,2.8
3.75,45.6,34.2,32.0,38.4,27.6,2.8
3.7600000000000002,45.6,34.2,32.0,38.4,27.6,2.8
3.77,45.6,34.2,32.0,38.4,27.6,2.8
3.7800000000000002,45.6,34.2,32.0,38.4,27.6,2.8
3.79,45.6,34.2,32.0,38.4,27.6,2.8
3.8000000000000003,44.4,33.0,32.0,38.4,27.6,2.8
3.81,44.4,33.0,32.0,38.4,27.6,2.8
3.8200000000000003,44.4,33.0,32.0,38.4,27.6,2.8
3.83,44.4,33.0,32.0,38.4,27.6,2.8
3.84,44.4,33.0,32.0,38.4,27.6,2.8
3.85,44.4,33.0,32.0,38.4,27.6,2.8
3.86,44.4,33.0,32.0,38.4,27.6,2.8
3.87,44.4,33.0,32.0,38.4,27.6,2.8
3.88,44.4,33.0,32.0,38.4,27.6,2.8
3.89,44.4,33.0,32.0,38.4,27.6,2.8
3.9,44.0,32.6,31.6,37.6,26.4,2.8
3.91,44.0,32.6,31.6,37.6,26.4,2.8
3.92,44.0,32.6,31.6,37.6,26.4,2.8
3.93,44.0,32.6,31.6,37.6,26.4,2.8
3.94,44.0,32.6,31.6,37.6,26.4,2.8
3.95,44.0,32.6,31.6,37.6,26.4,2.8
3.96,44.0,32.6,31.6,37.6,26.4,2.8
3.97,44.0,32.6,31.6,37.6,26.4,2.8
3.98,44.0,32.6,31.6,37.6,26.4,2.8
3.99,44.0,32.6,31.6,37.6,26.4,2.8
4.0,43.6,32.2,31.2,36.8,26.4,2.8
4.01,43.6,32.2,31.2,36.8,26.4,2.8
4.0200000000000005,43.6,32.2,31.2,36.8,26.4,2.8
4.03,43.6,32.2,31.2,36.8,26.4,2.8
4.04,43.6,32.2,31.2,36.8,26.4,2.8
4.05,43.6,32.2,31.2,36.8,26.4,2.8
4.0600000000000005,43.6,32.2,31.2,36.8,26.4,2.8
4.07,43.6,32.2,31.2,36.8,26.4,2.8
4.08,43.6,32.2,31.2,36.8,26.4,2.8
4.09,43.6,32.2,31.2,36.8,26.4,2.8
4.1,42.8,31.8,31.2,36.8,26.0,2.4
4.11,42.8,31.8,31.2,36.8,26.0,2.4
4.12,42.8,31.8,31.2,36.8,26.0,2.4
4.13,42.8,31.8,31.2,36.8,26.0,2.4
4.14,42.8,31.8,31.2,36.8,26.0,2.4
4.15,42.8,31.8,31.2,36.8,26.0,2.4
4.16,42.8,31.8,31.2,36.8,26.0,2.4
4.17,42.8,31.8,31.2,36.8,26.0,2.4
4.18,42.8,31.8,31.2,36.8,26.0,2.4
4.19,42.8,31.8,31.2,36.8,26.0,2.4
4.2,42.0,29.4,30.4,36.4,26.0,2.4
4.21,42.0,29.4,30.4,36.4,26.0,2.4
4.22,42.0,29.4,30.4,36.4,26.0,2.4
4.23,42.0,29.4,30.4,36.4,26.0,2.4
4.24,42.0,29.4,30.4,36.4,26.0,2.4
4.25,42.0,29.4,30.4,36.4,26.0,2.4
4.26,42.0,29.4,30.4,36.4,26.0,2.4
4.2700000000000005,42.0,29.4,30.4,36.4,26.0,2.4
4.28,42.0,29.4,30.4,36.4,26.0,2.4
4.29,42.0,29.4,30.4,36.4,26.0,2.4
4.3,41.2,29.4,30.4,35.6,26.0,2.4
4.3100000000000005,41.2,29.4,30.4,35.6,26.0,2.4
4.32,41.2,29.4,30.4,35.6,26.0,2.4
4.33,41.2,29.4,30.4,35.6,26.0,2.4
4.34,41.2,29.4,30.4,35.6,26.0,2.4
4.3500000000000005,41.2,29.4,30.4,35.6,26.0,2.4
4.36,41.2,29.4,30.4,35.6,26.0,2.4
4.37,41.2,29.4,30.4,35.6,26.0,2.4
4.38,41.2,29.4,30.4,35.6,26.0,2.4
4.39,41.2,29.4,30.4,35.6,26.0,2.4
4.4,41.2,29.0,29.6,35.6,26.0,2.4
4.41,41.2,29.0,29.6,35.6,26.0,2.4
4.42,41.2,29.0,29.6,35.6,26.0,2.4
4.43,41.2,29.0,29.6,35.6,26.0,2.4
4.44,41.2,29.0,29.6,35.6,26.0,2.4
4.45,41.2,29.0,29.6,35.6,26.0,2.4
4.46,41.2,29.0,29.6,35.6,26.0,2.4
4.47,41.2,29.0,29.6,35.6,26.0,2.4
4.48,41.2,29.0,29.6,35.6,26.0,2.4
4.49,41.2,29.0,29.6,35.6,26.0,2.4
4.5,40.4,28.6,29.6,35.6,26.0,2.4
4.51,40.4,28.6,29.6,35.6,26.0,2.4
4.5200000000000005,40.4,28.6,29.6,35.6,26.0,2.4
4.53,40.4,28.6,29.6,35.6,26.0,2.4
4.54,40.4,28.6,29.6,35.6,26.0,2.4
4.55,40.4,28.6,29.6,35.6,26.0,2.4
4.5600000000000005,40.4,28.6,29.6,35.6,26.0,2.4
4.57,40.4,28.6,29.6,35.6,26.0,2.4
4.58,40.4,28.6,29.6,35.6,26.0,2.4
4.59,40.4,28.6,29.6,35.6,26.0,2.4
4.6000000000000005,38.8,26.6,29.6,35.2,26.0,2.4
4.61,38.8,26.6,29.6,35.2,26.0,2.4
4.62,38.8,26.6,29.6,35.2,26.0,2.4
4.63,38.8,26.6,29.6,35.2,26.0,2.4
4.64,38.8,26.6,29.6,35.2,26.0,2.4
4.65,38.8,26.6,29.6,35.2,26.0,2.4
4.66,38.8,26.6,29.6,35.2,26.0,2.4
4.67,38.8,26.6,29.6,35.2,26.0,2.4
4.68,38.8,26.6,29.6,35.2,26.0,2.4
4.69,38.8,26.6,29.6,35.2,26.0,2.4
4.7,37.2,26.2,29.6,33.6,25.2,2.4
4.71,37.2,26.2,29.6,33.6,25.2,2.4
4.72,37.2,26.2,29.6,33.6,25.2,2.4
4.73,37.2,26.2,29.6,33.6,25.2,2.4
4.74,37.2,26.2,29.6,33.6,25.2,2.4
4.75,37.2,26.2,29.6,33.6,25.2,2.4
4.76,37.2,26.2,29.6,33.6,25.2,2.4
4.7700000000000005,37.2,26.2,29.6,33.6,25.2,2.4
4.78,37.2,26.2,29.6,33.6,25.2,2.4
4.79,37.2,26.2,29.6,33.6,25.2,2.4
4.8,35.6,25.8,28.8,33.6,25.2,2.4
4.8100000000000005,35.6,25.8,28.8,33.6,25.2,2.4
4.82,35.6,25.8,28.8,33.6,25.2,2.4
4.83,35.6,25.8,28.8,33.6,25.2,2.4
4.84,35.6,25.8,28.8,33.6,25.2,2.4
4.8500000000000005,35.6,25.8,28.8,33.6,25.2,2.4
4.86,35.6,25.8,28.8,33.6,25.2,2.4
4.87,35.6,25.8,28.8,33.6,25.2,2.4
4.88,35.6,25.8,28.8,33.6,25.2,2.4
4.89,35.6,25.8,28.8,33.6,25.2,2.4
4.9,35.6,25.4,28.8,33.2,25.2,2.4
4.91,35.6,25.4,28.8,33.2,25.2,2.4
4.92,35.6,25.4,28.8,33.2,25.2,2.4
4.93,35.6,25.4,28.8,33.2,25.2,2.4
4.94,35.6,25.4,28.8,33.2,25.2,2.4
4.95,35.6,25.4,28.8,33.2,25.2,2.4
4.96,35.6,25.4,28.8,33.2,25.2,2.4
4.97,35.6,25.4,28.8,33.2,25.2,2.4
4.98,35.6,25.4,28.8,33.2,25.2,2.4
4.99,35.6,25.4,28.8,33.2,25.2,2.4
5.0,35.6,24.6,28.0,32.8,25.2,2.4
5.01,35.6,24.6,28.0,32.8,25.2,2.4
5.0200000000000005,35.6,24.6,28.0,32.8,25.2,2.4
5.03,35.6,24.6,28.0,32.8,25.2,2.4
5.04,35.6,24.6,28.0,32.8,25.2,2.4
5.05,35.6,24.6,28.0,32.8,25.2,2.4
5.0600000000000005,35.6,24.6,28.0,32.8,25.2,2.4
5.07,35.6,24.6,28.0,32.8,25.2,2.4
5.08,35.6,24.6,28.0,32.8,25.2,2.4
5.09,35.6,24.6,28.0,32.8,25.2,2.4
5.1000000000000005,34.8,24.2,27.6,32.8,25.2,2.4
5.11,34.8,24.2,27.6,32.8,25.2,2.4
5.12,34.8,24.2,27.6,32.8,25.2,2.4
5.13,34.8,24.2,27.6,32.8,25.2,2.4
5.14,34.8,24.2,27.6,32.8,25.2,2.4
5.15,34.8,24.2,27.6,32.8,25.2,2.4
5.16,34.8,24.2,27.6,32.8,25.2,2.4
5.17,34.8,24.2,27.6,32.8,25.2,2.4
5.18,34.8,24.2,27.6,32.8,25.2,2.4
5.19,34.8,24.2,27.6,32.8,25.2,2.4
5.2,34.4,24.2,27.2,32.8,25.2,2.4
5.21,34.4,24.2,27.2,32.8,25.2,2.4
5.22,34.4,24.2,27.2,32.8,25.2,2.4
5.23,34.4,24.2,27.2,32.8,25.2,2.4
5.24,34.4,24.2,27.2,32.8,25.2,2.4
5.25,34.4,24.2,27.2,32.8,25.2,2.4
5.26,34.4,24.2,27.2,32.8,25.2,2.4
5.2700000000000005,34.4,24.2,27.2,32.8,25.2,2.4
5.28,34.4,24.2,27.2,32.8,25.2,2.4
5.29,34.4,24.2,27.2,32.8,25.2,2.4
5.3,32.4,23.8,26.4,32.0,25.2,2.4
5.3100000000000005,32.4,23.8,26.4,32.0,25.2,2.4
5.32,32.4,23.8,26.4,32.0,25.2,2.4
5.33,32.4,23.8,26.4,32.0,25.2,2.4
5.34,32.4,23.8,26.4,32.0,25.2,2.4
5.3500000000000005,32.4,23.8,26.4,32.0,25.2,2.4
5.36,32.4,23.8,26.4,32.0,25.2,2.4
5.37,32.4,23.8,26.4,32.0,25.2,2.4
5.38,32.4,23.8,26.4,32.0,25.2,2.4
5.39,32.4,23.8,26.4,32.0,25.2,2.4
5.4,31.6,22.6,25.2,32.0,25.2,2.4
5.41,31.6,22.6,25.2,32.0,25.2,2.4
5.42,31.6,22.6,25.2,32.0,25.2,2.4
5.43,31.6,22.6,25.2,32.0,25.2,2.4
5.44,31.6,22.6,25.2,32.0,25.2,2.4
5.45,31.6,22.6,25.2,32.0,25.2,2.4
5.46,31.6,22.6,25.2,32.0,25.2,2.4
5.47,31.6,22.6,25.2,32.0,25.2,2.4
5.48,31.6,22.6,25.2,32.0,25.2,2.4
5.49,31.6,22.6,25.2,32.0,25.2,2.4
5.5,30.0,22.2,24.8,31.6,25.2,2.4
5.51,30.0,22.2,24.8,31.6,25.2,2.4
5.5200000000000005,30.0,22.2,24.8,31.6,25.2,2.4
5.53,30.0,22.2,24.8,31.6,25.2,2.4
5.54,30.0,22.2,24.8,31.6,25.2,2.4
5.55,30.0,22.2,24.8,31.6,25.2,2.4
5.5600000000000005,30.0,22.2,24.8,31.6,25.2,2.4
5.57,30.0,22.2,24.8,31.6,25.2,2.4
5.58,30.0,22.2,24.8,31.6,25.2,2.4
5.59,30.0,22.2,24.8,31.6,25.2,2.4
5.6000000000000005,28.4,21.8,24.4,31.2,25.2,2.4
5.61,28.4,21.8,24.4,31.2,25.2,2.4
5.62,28.4,21.8,24.4,31.2,25.2,2.4
5.63,28.4,21.8,24.4,31.2,25.2,2.4
5.64,28.4,21.8,24.4,31.2,25.2,2.4
5.65,28.4,21.8,24.4,31.2,25.2,2.4
5.66,28.4,21.8,24.4,31.2,25.2,2.4
5.67,28.4,21.8,24.4,31.2,25.2,2.4
5.68,28.4,21.8,24.4,31.2,25.2,2.4
5.69,28.4,21.8,24.4,31.2,25.2,2.4
5.7,28.4,21.0,24.4,31.2,25.2,2.4
5.71,28.4,21.0,24.4,31.2,25.2,2.4
5.72,28.4,21.0,24.4,31.2,25.2,2.4
5.73,28.4,21.0,24.4,31.2,25.2,2.4
5.74,28.4,21.0,24.4,31.2,25.2,2.4
5.75,28.4,21.0,24.4,31.2,25.2,2.4
5.76,28.4,21.0,24.4,31.2,25.2,2.4
5.7700000000000005,28.4,21.0,24.4,31.2,25.2,2.4
5.78,28.4,21.0,24.4,31.2,25.2,2.4
5.79,28.4,21.0,24.4,31.2,25.2,2.4
5.8,27.6,21.0,24.0,30.8,25.2,2.4
5.8100000000000005,27.6,21.0,24.0,30.8,25.2,2.4
5.82,27.6,21.0,24.0,30.8,25.2,2.4
5.83,27.6,21.0,24.0,30.8,25.2,2.4
5.84,27.6,21.0,24.0,30.8,25.2,2.4
5.8500000000000005,27.6,21.0,24.0,30.8,25.2,2.4
5.86,27.6,21.0,24.0,30.8,25.2,2.4
5.87,27.6,21.0,24.0,30.8,25.2,2.4
5.88,27.6,21.0,24.0,30.8,25.2,2.4
5.89,27.6,21.0,24.0,30.8,25.2,2.4
5.9,27.2,21.0,24.0,30.8,25.2,2.4
5.91,27.2,21.0,24.0,30.8,25.2,2.4
5.92,27.2,21.0,24.0,30.8,25.2,2.4
5.93,27.2,21.0,24.0,30.8,25.2,2.4
5.94,27.2,21.0,24.0,30.8,25.2,2.4
5.95,27.2,21.0,24.0,30.8,25.2,2.4
5.96,27.2,21.0,24.0,30.8,25.2,2.4
5.97,27.2,21.0,24.0,30.8,25.2,2.4
5.98,27.2,21.0,24.0,30.8,25.2,2.4
5.99,27.2,21.0,24.0,30.8,25.2,2.4
6.0,27.2,20.2,23.6,30.4,25.2,2.4
6.01,27.2,20.2,23.6,30.4,25.2,2.4
6.0200000000000005,27.2,20.2,23.6,30.4,25.2,2.4
6.03,27.2,20.2,23.6,30.4,25.2,2.4
6.04,27.2,20.2,23.6,30.4,25.2,2.4
6.05,27.2,20.2,23.6,30.4,25.2,2.4
6.0600000000000005,27.2,20.2,23.6,30.4,25.2,2.4
6.07,27.2,20.2,23.6,30.4,25.2,2.4
6.08,27.2,20.2,23.6,30.4,25.2,2.4
6.09,27.2,20.2,23.6,30.4,25.2,2.4
6.1000000000000005,27.2,19.0,23.2,30.0,25.2,2.4
6.11,27.2,19.0,23.2,30.0,25.2,2.4
6.12,27.2,19.0,23.2,30.0,25.2,2.4
6.13,27.2,19.0,23.2,30.0,25.2,2.4
6.140000000000001,27.2,19.0,23.2,30.0,25.2,2.4
6.15,27.2,19.0,23.2,30.0,25.2,2.4
6.16,27.2,19.0,23.2,30.0,25.2,2.4
6.17,27.2,19.0,23.2,30.0,25.2,2.4
6.18,27.2,19.0,23.2,30.0,25.2,2.4
6.19,27.2,19.0,23.2,30.0,25.2,2.4
6.2,26.8,19.0,22.8,30.0,25.2,2.4
6.21,26.8,19.0,22.8,30.0,25.2,2.4
6.22,26.8,19.0,22.8,30.0,25.2,2.4
6.23,26.8,19.0,22.8,30.0,25.2,2.4
6.24,26.8,19.0,22.8,30.0,25.2,2.4
6.25,26.8,19.0,22.8,30.0,25.2,2.4
6.26,26.8,19.0,22.8,30.0,25.2,2.4
6.2700000000000005,26.8,19.0,22.8,30.0,25.2,2.4
6.28,26.8,19.0,22.8,30.0,25.2,2.4
6.29,26.8,19.0,22.8,30.0,25.2,2.4
6.3,26.0,18.6,22.8,30.0,25.2,2.4
6.3100000000000005,26.0,18.6,22.8,30.0,25.2,2.4
6.32,26.0,18.6,22.8,30.0,25.2,2.4
6.33,26.0,18.6,22.8,30.0,25.2,2.4
6.34,26.0,18.6,22.8,30.0,25.2,2.4
6.3500000000000005,26.0,18.6,22.8,30.0,25.2,2.4
6.36,26.0,18.6,22.8,30.0,25.2,2.4
6.37,26.0,18.6,22.8,30.0,25.2,2.4
6.38,26.0,18.6,22.8,30.0,25.2,2.4
6.390000000000001,26.0,18.6,22.8,30.0,25.2,2.4
6.4,25.2,17.8,22.0,30.0,25.2,2.4
6.41,25.2,17.8,22.0,30.0,25.2,2.4
6.42,25.2,17.8,22.0,30.0,25.2,2.4
6.43,25.2,17.8,22.0,30.0,25.2,2.4
6.44,25.2,17.8,22.0,30.0,25.2,2.4
6.45,25.2,17.8,22.0,30.0,25.2,2.4
6.46,25.2,17.8,22.0,30.0,25.2,2.4
6.47,25.2,17.8,22.0,30.0,25.2,2.4
6.48,25.2,17.8,22.0,30.0,25.2,2.4
6.49,25.2,17.8,22.0,30.0,25.2,2.4
6.5,25.2,17.8,22.0,30.0,25.2,2.4
6.51,25.2,17.8,22.0,30.0,25.2,2.4
6.5200000000000005,25.2,17.8,22.0,30.0,25.2,2.4
6.53,25.2,17.8,22.0,30.0,25.2,2.4
6.54,25.2,17.8,22.0,30.0,25.2,2.4
6.55,25.2,17.8,22.0,30.0,25.2,2.4
6.5600000000000005,25.2,17.8,22.0,30.0,25.2,2.4
6.57,25.2,17.8,22.0,30.0,25.2,2.4
6.58,25.2,17.8,22.0,30.0,25.2,2.4
6.59,25.2,17.8,22.0,30.0,25.2,2.4
6.6000000000000005,24.8,17.0,22.0,30.0,25.2,2.4
6.61,24.8,17.0,22.0,30.0,25.2,2.4
6.62,24.8,17.0,22.0,30.0,25.2,2.4
6.63,24.8,17.0,22.0,30.0,25.2,2.4
6.640000000000001,24.8,17.0,22.0,30.0,25.2,2.4
6.65,24.8,17.0,22.0,30.0,25.2,2.4
6.66,24.8,17.0,22.0,30.0,25.2,2.4
6.67,24.8,17.0,22.0,30.0,25.2,2.4
6.68,24.8,17.0,22.0,30.0,25.2,2.4
6.69,24.8,17.0,22.0,30.0,25.2,2.4
6.7,23.6,16.2,21.6,29.6,25.2,2.4
6.71,23.6,16.2,21.6,29.6,25.2,2.4
6.72,23.6,16.2,21.6,29.6,25.2,2.4
6.73,23.6,16.2,21.6,29.6,25.2,2.4
6.74,23.6,16.2,21.6,29.6,25.2,2.4
6.75,23.6,16.2,21.6,29.6,25.2,2.4
6.76,23.6,16.2,21.6,29.6,25.2,2.4
6.7700000000000005,23.6,16.2,21.6,29.6,25.2,2.4
6.78,23.6,16.2,21.6,29.6,25.2,2.4
6.79,23.6,16.2,21.6,29.6,25.2,2.4
6.8,23.2,16.2,21.6,29.6,25.2,2.4
6.8100000000000005,23.2,16.2,21.6,29.6,25.2,2.4
6.82,23.2,16.2,21.6,29.6,25.2,2.4
6.83,23.2,16.2,21.6,29.6,25.2,2.4
6.84,23.2,16.2,21.6,29.6,25.2,2.4
6.8500000000000005,23.2,16.2,21.6,29.6,25.2,2.4
6.86,23.2,16.2,21.6,29.6,25.2,2.4
6.87,23.2,16.2,21.6,29.6,25.2,2.4
6.88,23.2,16.2,21.6,29.6,25.2,2.4
6.890000000000001,23.2,16.2,21.6,29.6,25.2,2.4
6.9,23.2,16.2,21.6,29.6,25.2,2.4
6.91,23.2,16.2,21.6,29.6,25.2,2.4
6.92,23.2,16.2,21.6,29.6,25.2,2.4
6.93,23.2,16.2,21.6,29.6,25.2,2.4
6.94,23.2,16.2,21.6,29.6,25.2,2.4
6.95,23.2,16.2,21.6,29.6,25.2,2.4
6.96,23.2,16.2,21.6,29.6,25.2,2.4
6.97,23.2,16.2,21.6,29.6,25.2,2.4
6.98,23.2,16.2,21.6,29.6,25.2,2.4
6.99,23.2,16.2,21.6,29.6,25.2,2.4
7.0,23.2,15.8,21.6,29.6,25.2,2.4
7.01,23.2,15.8,21.6,29.6,25.2,2.4
7.0200000000000005,23.2,15.8,21.6,29.6,25.2,2.4
7.03,23.2,15.8,21.6,29.6,25.2,2.4
7.04,23.2,15.8,21.6,29.6,25.2,2.4
7.05,23.2,15.8,21.6,29.6,25.2,2.4
7.0600000000000005,23.2,15.8,21.6,29.6,25.2,2.4
7.07,23.2,15.8,21.6,29.6,25.2,2.4
7.08,23.2,15.8,21.6,29.6,25.2,2.4
7.09,23.2,15.8,21.6,29.6,25.2,2.4
7.1000000000000005,22.0,15.4,21.6,29.2,25.2,2.4
7.11,22.0,15.4,21.6,29.2,25.2,2.4
7.12,22.0,15.4,21.6,29.2,25.2,2.4
7.13,22.0,15.4,21.6,29.2,25.2,2.4
7.140000000000001,22.0,15.4,21.6,29.2,25.2,2.4
7.15,22.0,15.4,21.6,29.2,25.2,2.4
7.16,22.0,15.4,21.6,29.2,25.2,2.4
7.17,22.0,15.4,21.6,29.2,25.2,2.4
7.18,22.0,15.4,21.6,29.2,25.2,2.4
7.19,22.0,15.4,21.6,29.2,25.2,2.4
7.2,21.6,14.2,21.6,29.2,25.2,2.4
7.21,21.6,14.2,21.6,29.2,25.2,2.4
7.22,21.6,14.2,21.6,29.2,25.2,2.4
7.23,21.6,14.2,21.6,29.2,25.2,2.4
7.24,21.6,14.2,21.6,29.2,25.2,2.4
7.25,21.6,14.2,21.6,29.2,25.2,2.4
7.26,21.6,14.2,21.6,29.2,25.2,2.4
7.2700000000000005,21.6,14.2,21.6,29.2,25.2,2.4
7.28,21.6,14.2,21.6,29.2,25.2,2.4
7.29,21.6,14.2,21.6,29.2,25.2,2.4
7.3,21.2,13.4,21.6,29.2,25.2,2.4
7.3100000000000005,21.2,13.4,21.6,29.2,25.2,2.4
7.32,21.2,13.4,21.6,29.2,25.2,2.4
7.33,21.2,13.4,21.6,29.2,25.2,2.4
7.34,21.2,13.4,21.6,29.2,25.2,2.4
7.3500000000000005,21.2,13.4,21.6,29.2,25.2,2.4
7.36,21.2,13.4,21.6,29.2,25.2,2.4
7.37,21.2,13.4,21.6,29.2,25.2,2.4
7.38,21.2,13.4,21.6,29.2,25.2,2.4
7.390000000000001,21.2,13.4,21.6,29.2,25.2,2.4
7.4,20.8,13.4,21.6,29.2,25.2,2.4
7.41,20.8,13.4,21.6,29.2,25.2,2.4
7.42,20.8,13.4,21.6,29.2,25.2,2.4
7.43,20.8,13.4,21.6,29.2,25.2,2.4
7.44,20.8,13.4,21.6,29.2,25.2,2.4
7.45,20.8,13.4,21.6,29.2,25.2,2.4
7.46,20.8,13.4,21.6,29.2,25.2,2.4
7.47,20.8,13.4,21.6,29.2,25.2,2.4
7.48,20.8,13.4,21.6,29.2,25.2,2.4
7.49,20.8,13.4,21.6,29.2,25.2,2.4
7.5,20.8,13.4,21.6,29.2,25.2,2.4
7.51,20.8,13.4,21.6,29.2,25.2,2.4
7.5200000000000005,20.8,13.4,21.6,29.2,25.2,2.4
7.53,20.8,13.4,21.6,29.2,25.2,2.4
7.54,20.8,13.4,21.6,29.2,25.2,2.4
7.55,20.8,13.4,21.6,29.2,25.2,2.4
7.5600000000000005,20.8,13.4,21.6,29.2,25.2,2.4
7.57,20.8,13.4,21.6,29.2,25.2,2.4
7.58,20.8,13.4,21.6,29.2,25.2,2.4
7.59,20.8,13.4,21.6,29.2,25.2,2.4
7.6000000000000005,20.8,13.0,21.2,29.2,25.2,2.4
7.61,20.8,13.0,21.2,29.2,25.2,2.4
7.62,20.8,13.0,21.2,29.2,25.2,2.4
7.63,20.8,13.0,21.2,29.2,25.2,2.4
7.640000000000001,20.8,13.0,21.2,29.2,25.2,2.4
7.65,20.8,13.0,21.2,29.2,25.2,2.4
7.66,20.8,13.0,21.2,29.2,25.2,2.4
7.67,20.8,13.0,21.2,29.2,25.2,2.4
7.68,20.8,13.0,21.2,29.2,25.2,2.4
7.69,20.8,13.0,21.2,29.2,25.2,2.4
7.7,20.4,12.6,21.2,29.2,25.2,2.4
7.71,20.4,12.6,21.2,29.2,25.2,2.4
7.72,20.4,12.6,21.2,29.2,25.2,2.4
7.73,20.4,12.6,21.2,29.2,25.2,2.4
7.74,20.4,12.6,21.2,29.2,25.2,2.4
7.75,20.4,12.6,21.2,29.2,25.2,2.4
7.76,20.4,12.6,21.2,29.2,25.2,2.4
7.7700000000000005,20.4,12.6,21.2,29.2,25.2,2.4
7.78,20.4,12.6,21.2,29.2,25.2,2.4
7.79,20.4,12.6,21.2,29.2,25.2,2.4
7.8,18.4,12.6,21.2,29.2,25.2,2.4
7.8100000000000005,18.4,12.6,21.2,29.2,25.2,2.4
7.82,18.4,12.6,21.2,29.2,25.2,2.4
7.83,18.4,12.6,21.2,29.2,25.2,2.4
7.84,18.4,12.6,21.2,29.2,25.2,2.4
7.8500000000000005,18.4,12.6,21.2,29.2,25.2,2.4
7.86,18.4,12.6,21.2,29.2,25.2,2.4
7.87,18.4,12.6,21.2,29.2,25.2,2.4
7.88,18.4,12.6,21.2,29.2,25.2,2.4
7.890000000000001,18.4,12.6,21.2,29.2,25.2,2.4
7.9,18.0,12.6,21.2,29.2,25.2,2.4
7.91,18.0,12.6,21.2,29.2,25.2,2.4
7.92,18.0,12.6,21.2,29.2,25.2,2.4
7.930000000000001,18.0,12.6,21.2,29.2,25.2,2.4
7.94,18.0,12.6,21.2,29.2,25.2,2.4
7.95,18.0,12.6,21.2,29.2,25.2,2.4
7.96,18.0,12.6,21.2,29.2,25.2,2.4
7.97,18.0,12.6,21.2,29.2,25.2,2.4
7.98,18.0,12.6,21.2,29.2,25.2,2.4
7.99,18.0,12.6,21.2,29.2,25.2,2.4
8.0,18.0,12.2,21.2,29.2,25.2,2.4
8.01,18.0,12.2,21.2,29.2,25.2,2.4
8.02,18.0,12.2,21.2,29.2,25.2,2.4
8.03,18.0,12.2,21.2,29.2,25.2,2.4
8.040000000000001,18.0,12.2,21.2,29.2,25.2,2.4
8.05,18.0,12.2,21.2,29.2,25.2,2.4
8.06,18.0,12.2,21.2,29.2,25.2,2.4
8.07,18.0,12.2,21.2,29.2,25.2,2.4
8.08,18.0,12.2,21.2,29.2,25.2,2.4
8.09,18.0,12.2,21.2,29.2,25.2,2.4
8.1,18.0,11.8,21.2,28.8,25.2,2.4
8.11,18.0,11.8,21.2,28.8,25.2,2.4
8.120000000000001,18.0,11.8,21.2,28.8,25.2,2.4
8.13,18.0,11.8,21.2,28.8,25.2,2.4
8.14,18.0,11.8,21.2,28.8,25.2,2.4
8.15,18.0,11.8,21.2,28.8,25.2,2.4
8.16,18.0,11.8,21.2,28.8,25.2,2.4
8.17,18.0,11.8,21.2,28.8,25.2,2.4
8.18,18.0,11.8,21.2,28.8,25.2,2.4
8.19,18.0,11.8,21.2,28.8,25.2,2.4
8.2,18.0,11.4,21.2,28.4,25.2,2.4
8.21,18.0,11.4,21.2,28.4,25.2,2.4
8.22,18.0,11.4,21.2,28.4,25.2,2.4
8.23,18.0,11.4,21.2,28.4,25.2,2.4
8.24,18.0,11.4,21.2,28.4,25.2,2.4
8.25,18.0,11.4,21.2,28.4,25.2,2.4
8.26,18.0,11.4,21.2,28.4,25.2,2.4
8.27,18.0,11.4,21.2,28.4,25.2,2.4
8.28,18.0,11.4,21.2,28.4,25.2,2.4
8.290000000000001,18.0,11.4,21.2,28.4,25.2,2.4
8.3,17.6,11.4,21.2,28.4,25.2,2.4
8.31,17.6,11.4,21.2,28.4,25.2,2.4
8.32,17.6,11.4,21.2,28.4,25.2,2.4
8.33,17.6,11.4,21.2,28.4,25.2,2.4
8.34,17.6,11.4,21.2,28.4,25.2,2.4
8.35,17.6,11.4,21.2,28.4,25.2,2.4
8.36,17.6,11.4,21.2,28.4,25.2,2.4
8.370000000000001,17.6,11.4,21.2,28.4,25.2,2.4
8.38,17.6,11.4,21.2,28.4,25.2,2.4
8.39,17.6,11.4,21.2,28.4,25.2,2.4
8.4,17.2,11.4,20.8,28.4,25.2,2.4
8.41,17.2,11.4,20.8,28.4,25.2,2.4
8.42,17.2,11.4,20.8,28.4,25.2,2.4
8.43,17.2,11.4,20.8,28.4,25.2,2.4
8.44,17.2,11.4,20.8,28.4,25.2,2.4
8.45,17.2,11.4,20.8,28.4,25.2,2.4
8.46,17.2,11.4,20.8,28.4,25.2,2.4
8.47,17.2,11.4,20.8,28.4,25.2,2.4
8.48,17.2,11.4,20.8,28.4,25.2,2.4
8.49,17.2,11.4,20.8,28.4,25.2,2.4
8.5,16.8,11.0,20.8,28.4,25.2,2.4
8.51,16.8,11.0,20.8,28.4,25.2,2.4
8.52,16.8,11.0,20.8,28.4,25.2,2.4
8.53,16.8,11.0,20.8,28.4,25.2,2.4
8.540000000000001,16.8,11.0,20.8,28.4,25.2,2.4
8.55,16.8,11.0,20.8,28.4,25.2,2.4
8.56,16.8,11.0,20.8,28.4,25.2,2.4
8.57,16.8,11.0,20.8,28.4,25.2,2.4
8.58,16.8,11.0,20.8,28.4,25.2,2.4
8.59,16.8,11.0,20.8,28.4,25.2,2.4
8.6,16.4,11.0,20.8,28.4,25.2,2.4
8.61,16.4,11.0,20.8,28.4,25.2,2.4
8.620000000000001,16.4,11.0,20.8,28.4,25.2,2.4
8.63,16.4,11.0,20.8,28.4,25.2,2.4
8.64,16.4,11.0,20.8,28.4,25.2,2.4
8.65,16.4,11.0,20.8,28.4,25.2,2.4
8.66,16.4,11.0,20.8,28.4,25.2,2.4
8.67,16.4,11.0,20.8,28.4,25.2,2.4
8.68,16.4,11.0,20.8,28.4,25.2,2.4
8.69,16.4,11.0,20.8,28.4,25.2,2.4
8.700000000000001,16.4,11.0,20.8,28.4,25.2,2.4
8.71,16.4,11.0,20.8,28.4,25.2,2.4
8.72,16.4,11.0,20.8,28.4,25.2,2.4
8.73,16.4,11.0,20.8,28.4,25.2,2.4
8.74,16.4,11.0,20.8,28.4,25.2,2.4
8.75,16.4,11.0,20.8,28.4,25.2,2.4
8.76,16.4,11.0,20.8,28.4,25.2,2.4
8.77,16.4,11.0,20.8,28.4,25.2,2.4
8.78,16.4,11.0,20.8,28.4,25.2,2.4
8.790000000000001,16.4,11.0,20.8,28.4,25.2,2.4
8.8,15.6,11.0,20.8,28.4,25.2,2.4
8.81,15.6,11.0,20.8,28.4,25.2,2.4
8.82,15.6,11.0,20.8,28.4,25.2,2.4
8.83,15.6,11.0,20.8,28.4,25.2,2.4
8.84,15.6,11.0,20.8,28.4,25.2,2.4
8.85,15.6,11.0,20.8,28.4,25.2,2.4
8.86,15.6,11.0,20.8,28.4,25.2,2.4
8.870000000000001,15.6,11.0,20.8,28.4,25.2,2.4
8.88,15.6,11.0,20.8,28.4,25.2,2.4
8.89,15.6,11.0,20.8,28.4,25.2,2.4
8.9,15.6,11.0,20.8,28.4,25.2,2.4
8.91,15.6,11.0,20.8,28.4,25.2,2.4
8.92,15.6,11.0,20.8,28.4,25.2,2.4
8.93,15.6,11.0,20.8,28.4,25.2,2.4
8.94,15.6,11.0,20.8,28.4,25.2,2.4
8.950000000000001,15.6,11.0,20.8,28.4,25.2,2.4
8.96,15.6,11.0,20.8,28.4,25.2,2.4
8.97,15.6,11.0,20.8,28.4,25.2,2.4
8.98,15.6,11.0,20.8,28.4,25.2,2.4
8.99,15.6,11.0,20.8,28.4,25.2,2.4
9.0,14.8,11.0,20.8,28.4,25.2,2.4
9.01,14.8,11.0,20.8,28.4,25.2,2.4
9.02,14.8,11.0,20.8,28.4,25.2,2.4
9.03,14.8,11.0,20.8,28.4,25.2,2.4
9.040000000000001,14.8,11.0,20.8,28.4,25.2,2.4
9.05,14.8,11.0,20.8,28.4,25.2,2.4
9.06,14.8,11.0,20.8,28.4,25.2,2.4
9.07,14.8,11.0,20.8,28.4,25.2,2.4
9.08,14.8,11.0,20.8,28.4,25.2,2.4
9.09,14.8,11.0,20.8,28.4,25.2,2.4
9.1,14.4,10.6,20.8,28.4,25.2,2.4
9.11,14.4,10.6,20.8,28.4,25.2,2.4
9.120000000000001,14.4,10.6,20.8,28.4,25.2,2.4
9.13,14.4,10.6,20.8,28.4,25.2,2.4
9.14,14.4,10.6,20.8,28.4,25.2,2.4
9.15,14.4,10.6,20.8,28.4,25.2,2.4
9.16,14.4,10.6,20.8,28.4,25.2,2.4
9.17,14.4,10.6,20.8,28.4,25.2,2.4
9.18,14.4,10.6,20.8,28.4,25.2,2.4
9.19,14.4,10.6,20.8,28.4,25.2,2.4
9.200000000000001,14.4,10.2,20.8,28.4,25.2,2.4
9.21,14.4,10.2,20.8,28.4,25.2,2.4
9.22,14.4,10.2,20.8,28.4,25.2,2.4
9.23,14.4,10.2,20.8,28.4,25.2,2.4
9.24,14.4,10.2,20.8,28.4,25.2,2.4
9.25,14.4,10.2,20.8,28.4,25.2,2.4
9.26,14.4,10.2,20.8,28.4,25.2,2.4
9.27,14.4,10.2,20.8,28.4,25.2,2.4
9.28,14.4,10.2,20.8,28.4,25.2,2.4
9.290000000000001,14.4,10.2,20.8,28.4,25.2,2.4
9.3,14.0,10.2,20.8,28.4,25.2,2.4
9.31,14.0,10.2,20.8,28.4,25.2,2.4
9.32,14.0,10.2,20.8,28.4,25.2,2.4
9.33,14.0,10.2,20.8,28.4,25.2,2.4
9.34,14.0,10.2,20.8,28.4,25.2,2.4
9.35,14.0,10.2,20.8,28.4,25.2,2.4
9.36,14.0,10.2,20.8,28.4,25.2,2.4
9.370000000000001,14.0,10.2,20.8,28.4,25.2,2.4
9.38,14.0,10.2,20.8,28.4,25.2,2.4
9.39,14.0,10.2,20.8,28.4,25.2,2.4
9.4,14.0,10.2,20.8,28.4,25.2,2.4
9.41,14.0,10.2,20.8,28.4,25.2,2.4
9.42,14.0,10.2,20.8,28.4,25.2,2.4
9.43,14.0,10.2,20.8,28.4,25.2,2.4
9.44,14.0,10.2,20.8,28.4,25.2,2.4
9.450000000000001,14.0,10.2,20.8,28.4,25.2,2.4
9.46,14.0,10.2,20.8,28.4,25.2,2.4
9.47,14.0,10.2,20.8,28.4,25.2,2.4
9.48,14.0,10.2,20.8,28.4,25.2,2.4
9.49,14.0,10.2,20.8,28.4,25.2,2.4
9.5,13.6,10.2,20.8,28.4,25.2,2.4
9.51,13.6,10.2,20.8,28.4,25.2,2.4
9.52,13.6,10.2,20.8,28.4,25.2,2.4
9.53,13.6,10.2,20.8,28.4,25.2,2.4
9.540000000000001,13.6,10.2,20.8,28.4,25.2,2.4
9.55,13.6,10.2,20.8,28.4,25.2,2.4
9.56,13.6,10.2,20.8,28.4,25.2,2.4
9.57,13.6,10.2,20.8,28.4,25.2,2.4
9.58,13.6,10.2,20.8,28.4,25.2,2.4
9.59,13.6,10.2,20.8,28.4,25.2,2.4
9.6,13.6,10.2,20.8,28.4,25.2,2.4
9.61,13.6,10.2,20.8,28.4,25.2,2.4
9.620000000000001,13.6,10.2,20.8,28.4,25.2,2.4
9.63,13.6,10.2,20.8,28.4,25.2,2.4
9.64,13.6,10.2,20.8,28.4,25.2,2.4
9.65,13.6,10.2,20.8,28.4,25.2,2.4
9.66,13.6,10.2,20.8,28.4,25.2,2.4
9.67,13.6,10.2,20.8,28.4,25.2,2.4
9.68,13.6,10.2,20.8,28.4,25.2,2.4
9.69,13.6,10.2,20.8,28.4,25.2,2.4
9.700000000000001,13.6,9.8,20.8,28.4,25.2,2.4
9.71,13.6,9.8,20.8,28.4,25.2,2.4
9.72,13.6,9.8,20.8,28.4,25.2,2.4
9.73,13.6,9.8,20.8,28.4,25.2,2.4
9.74,13.6,9.8,20.8,28.4,25.2,2.4
9.75,13.6,9.8,20.8,28.4,25.2,2.4
9.76,13.6,9.8,20.8,28.4,25.2,2.4
9.77,13.6,9.8,20.8,28.4,25.2,2.4
9.78,13.6,9.8,20.8,28.4,25.2,2.4
9.790000000000001,13.6,9.8,20.8,28.4,25.2,2.4
9.8,13.6,9.4,20.8,28.4,25.2,2.4
9.81,13.6,9.4,20.8,28.4,25.2,2.4
9.82,13.6,9.4,20.8,28.4,25.2,2.4
9.83,13.6,9.4,20.8,28.4,25.2,2.4
9.84,13.6,9.4,20.8,28.4,25.2,2.4
9.85,13.6,9.4,20.8,28.4,25.2,2.4
9.86,13.6,9.4,20.8,28.4,25.2,2.4
9.870000000000001,13.6,9.4,20.8,28.4,25.2,2.4
9.88,13.6,9.4,20.8,28.4,25.2,2.4
9.89,13.6,9.4,20.8,28.4,25.2,2.4
9.9,13.2,9.0,20.8,28.4,25.2,2.4
9.91,13.2,9.0,20.8,28.4,25.2,2.4
9.92,13.2,9.0,20.8,28.4,25.2,2.4
9.93,13.2,9.0,20.8,28.4,25.2,2.4
9.94,13.2,9.0,20.8,28.4,25.2,2.4
9.950000000000001,13.2,9.0,20.8,28.4,25.2,2.4
9.96,13.2,9.0,20.8,28.4,25.2,2.4
9.97,13.2,9.0,20.8,28.4,25.2,2.4
9.98,13.2,9.0,20.8,28.4,25.2,2.4
9.99,13.2,9.0,20.8,28.4,25.2,2.4
10.0,13.2,9.0,20.8,28.4,25.2,2.4
